ネタメモ：ゾーニング,,
シーン,①セリフを考える（ライティング）,
1,「ゾーニング」も知らんと席のレイアウト決めてる飲食店経営者さん…それ無免許運転してるようなもんですよ,
2,席数は売上やと思てギュウギュウに詰め込んでません？,
3,レジ前とかトイレ前に席あるお店よく見ますけど…ほんまにお客様のこと考えてます？,
4,あれ意識せず席を配置してるだけですよね？,
5,放っといたらなんか落ち着かんから次はええかなって離脱じわじわ起こりますよ,
6,お客様からクレーム出てへんから大丈夫って思ってるなら見逃してるだけかもしれませんよ？,
7,僕も昔文句出てへん＝満足やと思ってました,
8,でも実際は我慢してるお客様って何も言わずに消えるんですよね,
9,その無言の違和感がレイアウトから出てるって気づいた時めちゃくちゃ反省しました,
10,この投稿では、売上に効くレイアウトの考え方です,
11,数字で見えへんから後回しにしてたけど、席配置って隠れた損益分岐点やったんですよね,
12,例えるなら交通整理みたいなもんで通りやすい席、落ち着く席、全部設計で決まってるんです,
13,ゾーニングって、売上を自動で上げる仕組みなんです,
14,昼は速く食べて出れる席、夜はゆっくり会話できる席って分けるだけで変わります,
15,1席減らしただけで回転率も満足度も上がったお店があるくらいなんですよ,
16,空いてても埋まらない席があるなら、それもう赤字ゾーンです。,
17,お客様の足を遠ざけてる席がひとつもないって言い切れますか？ 今、見直すチャンスです,
,,
ネタメモ：限界利益,,
シーン,①セリフを考える（ライティング）,
1,料理さえ美味けりゃ黒字なるって思ってる飲食店、限界利益わかってへんと売れば売るほど赤字になりますよ,
2,味には自信あるのに、なぜかお金が残らん…そんな違和感ありませんか？,
3,SNS頑張って、お客様も増えてる。けど、利益だけが置いてけぼり,
4,それ、料理のせいちゃいます。“数字の構造”です,
5,放っといたら、“働けば働くほど資金ショート”する店、ほんまにあるんです,
6,なんでこんなに働いてんのに貯まらんねん”って感じたこと、ほんまは一度くらいありますよね？,
7,料理は出てるし、ホールも回ってる。なのに…帳簿だけは真っ赤,
8,“自分、経営向いてへんのかな”って本気で思った時期あります,
9,でも違った。“見てへん数字”があっただけやったんです,
10,限界利益って言うたら難しそうやけど、要は“1食売って、店にいくら残るか”の話です,
11,原価率がええ、FLがええ言うても、残らんもんは残らん,
12,“毎日満席やのに、お金はカラッカラ”…それ、限界利益が漏れてる証拠です,
13,限界利益って、ざっくり言うたら、“売上から料理を作るのにかかるお金を引いた分”、つまり“ほんまにお店に残る利益”なんです,
14,"たとえばオムライス800円で、食材原価が300円やったとする
そしたら限界利益は500円。これが1皿あたり“店の武器”になるわけです",
15,こうやって“限界利益”が見えるようになると、“売れてるのに苦しめてる料理”がハッキリ見えてくるんです,
16,僕はこの視点を持ってから、“やっと経営者になれた”って、本気で思えました,
17,この1皿、ほんまにお店の利益残してるか？一回だけでも、数字で見てみてください,
,,
ネタメモ：人時売上高,,
シーン,①セリフを考える（ライティング）,
1,9割の飲食店経営者が失敗してる人件費のかけ方ですが、勘でやってたら、そら潰れますよ,
2,人時売上、知ってます？“時給より売上低い”お店、たくさんあります,
3,"“このくらい居たら回るやろ”って、思考停止のシフトが一番危ない」
",
4,"「正直、それもう経営ちゃいます」
",
5,「忙しいだけで金残らんお店、ほんま多いです」,
6,"“人時売上”って言われても、正直パッと数字出せへん…
スタッフ削ったら回らんし、増やしたら利益消える…て言ってませんよね？",
7,“足りんかったらどうしよ”って、僕もずっと人件費ビビってました,
8,でもほんまは、“数字で考えるクセがなかっただけ”なんですよね,
9,経営って、感覚より構造なんやって、痛い目見てやっと分かりました,
10,「このリールでは、人件費が重たくても利益を守る“人時売上高”の見方と使い方が分かります」,
11,「数字で判断できるようになったら、“人足りるか？”って毎日悩まんで済みます」,
12,「感覚で走る経営って、夜道をライトなしで走ってる車と一緒なんですよ」,
13,"「“人件費は感覚で決めるもんちゃう”って気づけた人から、経営は変わります。
答えは、人時売上高。
この数字を見ずに、“スタッフ多い／少ない”の判断するのは危ないんです。」",
14,"「計算方法はめっちゃシンプルです。
1ヶ月の総売上 ÷ 総労働時間（社員もアルバイトも含めた合計の稼働時間）＝人時売上高」
「たとえば：月商200万円 ÷ 総労働時間400時間 ＝ 人時売上高5,000円。
この数字が、あなたのお店が“1時間でどれだけ稼げてるか”の本質です」",
15,"「僕もこの数字出したとき、正直ゾッとしました。
“これ、最低賃金下回ってるやん…”って。
スタッフの時給より、人時売上が低いってことは…もう経営として成立してないってことなんですよね」",
16,"「“忙しいのに手元にお金残らん…”
それ、あなたがサボってるんじゃなくて、数字が見えてなかっただけです。
答えは、ずっと数字の中にありました」",
17,"「“うちって今、何円なんやろ…”って、
ちょっと怖いけど、計算してみたくなりません？」",
,,
ネタメモ：飲食店は立地で決まる？,,
シーン,①セリフを考える（ライティング）,
1,立地が7割”って言葉、信じて選んだ飲食店ほど潰れてません？」,
2,"“どの物件が正解か分からん…”って、めっちゃ不安になりますよね？」
",
3,"「で、気づいたら“大通り沿い”“家賃高いとこ＝正解”って思い込んでしまう」
",
4,"「でもそれ、ほぼ“見た目採用”です」
",
5,「実際、視認性だけで決めた店の9割が、家賃に追いつかず撤退してます」,
6,「いい立地は高い、安いとこは人けえへん。どっちにしても怖いって思ってません？」,
7,"「出店って怖いから、“せめて人通り多いとこにしとこ”って逃げたくなるんですよね」
",
8,"「でもそれって、実は“場所に経営を任せてる”ってことなんです」
",
9,「僕は今、毎月“立地だけで失敗してるお店”からの相談を受けてます」,
10,"「“立地ええのに潰れた店”って、あなたの周りにも思い当たりませんか？」
",
11,"「この動画を見たあとは、物件を見る目が“感覚→構造”に変わります」
",
12,僕は立地を“集客の地図”って呼んでます。見る力があるかで、経営の難易度が変わるんです」,
13,「立地って、“物件の場所だけ”じゃなくて、“お客様の行動導線”そのものなんです」,
14,「商圏を数字で見れる人は、地図を読める経営者。感覚で選ぶ人は、迷子になります」,
15,「過去に家賃50万の一等地で半年持たなかった人が、次は裏路地で再起して繁盛店に育てました」,
16,「変えたのは“場所”だけじゃなくて、“選び方”なんです,
17,「立地は地図です。道に迷いたくない人は、いつでもこの動画、手元に置いといてください」,
,,
ネタメモ：アルバイトの定着,,
シーン,①セリフを考える（ライティング）,
1,"3ヶ月で半分辞める店、根性や性格のせいにしてたらあきません。定着って、“設計”の話です
",
2,"あの子ええ子やったのに、なんでやろ…”って、また言うてません？
",
3,“若い子は続かん”って、毎回“時代のせい”で終わらせてません？,
4,それ、ただの現実逃避ですわ,
5,このままやと、“誰に教えてもまた辞める”って、現場が教えるの諦めてまいますよ」,
6,甘やかしたら育たん。けど厳しくしたら辞める。…って、どうしたらええねんって悩んでません？」,
7,スタッフが辞めるたびに、“また一からか…”って疲れてません？,
8,ほんまは、“誰でもできるように”仕組み作らなあかんって、もう気づいてますよね？,
9,でも仕組み放置してたら、何回採用しても、ゼロからのやり直しが続くだけです,
10,教えた時間がムダになる…その悩み、今日で終わらせませんか？,
11,辞められるたびに疲弊する店と、教えるたびに戦力が育つ店。その差は、“型”があるかどうか,
12,定着って、料理と一緒。“レシピなしで作る”から、毎回味バラバラなんです,
13,定着って、属人じゃなく“設計”なんです。“誰が教えても回る”ようにするのが経営です,
14,"例えば初出勤3日間で“できること”をレベル制で分けてください
新人も教育者も「見える」から続くんです
",
15,それだけで、“あの子ほんま頼りになるわ”って言われる新人が、月1人は育つようになりました,
16,ええ子はいつも辞める”…それ、店側が辞めさせてたって、気づいた瞬間から変えられます,
17,仕組みがなかったことで、何人逃したか…って振り返る前に動きましょ,
,,
ネタメモ：チェーン店に勝つ方法,,
シーン,①セリフを考える（ライティング）,
1,チェーンに勝とうとしてる時点で、土俵選び間違えてます。値段・スピード・知名度。全てにおいて勝とうとすると、個人店は消耗するだけです,
2,値段もっと下げよか…”って、悩んだこと一回でもありますよね？,
3,“うちももっと早く提供せなアカンかな…”って、チェーンと同じ路線に寄せてません？,
4,"それ、向こうの土俵です
",
5,このままいくと、“安くて普通”な店になって、結局“別にここじゃなくてもええ”って選ばれなくなりますよ,
6,なんか最近、“うち、何屋なんやろ…”って思う瞬間、増えてません？,
7,いや分かりますよ。なんか最近、“何しても埋もれるな…”って、ふっと思う瞬間ありますよね,
8,"ほんまは、“うちの良さって、誰に届いてるんやろ”って、自分でも分からんようになってません？
",
9,"僕も昔そうでした。でもそれ、“良さ”がないんやなくて、“伝え方”がないだけなんですわ
",
10,今日は、“比較されへん店”をどう作るか。ポジション設計の基本、話します,
11,“誰でもええ店”から、“この人に刺さる店”へ。切り替えるだけで選ばれ方が変わります,
12,チェーンは“どこ行っても同じ”が強み。個人店は“ここにしかない”が価値。その違い、ちゃんと設計で作れます,
13,“チェーンに勝つ”んやなくて、“比較されんポジション”をつくるのが経営です,
14,うちは“●●が好きな人の店”って明文化してます。誰に届けるか決めた瞬間、迷わんようになりました,
15,そっから“ここって自分の居場所やな”って言うお客様が増えて、客数より“関係”が回り出したんです,
16,“いい店のはずやのに伝わらん”…って苦しかった日々、全部“誰に届けるか”が曖昧やっただけでした,
17,“どう伝えるか”を決めるだけで、選ばれる理由ってちゃんと作れますよ,
,,
ネタメモ：FL比率,,
シーン,①セリフを考える（ライティング）,
1,"もったいない！
FL比率知っとるだけやと損してますよ
使い方まで身につけんと利益出ません",
2,FLの数字見て、ため息ついて終わり…その繰り返しになってません？,
3,原価や人件費を削ることばっか考えて、現場がボロボロになってません？,
4,それ、数字の奴隷になってません？,
5,このままじゃ、忙しいだけの店。利益ゼロ、人も続かん地獄ループです,
6,『FL管理できてる』って思ってるけど、毎月の結果に本気で満足してますか？,
7,『FLの使い方が分からん…』って内心焦ってますよね,
8,ほんまは、仕入れと人の削減やなくて、動線とメニューの設計を変えるべきやって気づいてますよね？,
9,僕も数字見るだけで満足してました。でも仕組み変えた瞬間、FLも利益も変わったんです,
10,今日は、FL比率を“数字から設計”へ活かす具体例を、たっぷりお伝えします,
11,ただ数字を眺める店と、数字で現場を変える店。結果は天と地です,
12,FL比率って、車のメーターみたいなもん。数字見るだけじゃ走れません。操作法を知ってこそ進めます,
13,FL比率って、削るだけの数字ちゃいます。『食材原価＋人件費』をどう設計するかで店の強さが決まるんです,
14,例えば、ランチは軽め原価で回転重視、ディナーは原価高でもファン向けメニュー。売上データで客数予測してシフトを組み、仕入れは農家と直契約してロスを削減。オペはセルフ式や5Sで標準化し、ITツールで在庫と人員を見える化。こうやって“FとLを動かす仕組み”を作るんです,
15,この設計に変えてから、FL比率は60％→55％に。売上は変わらんのに利益が増え、人もムダ残業が減って定着しました,
16,僕も昔、数字を見てるだけで動かせませんでした。でもFL比率は“使い方次第”。設計した瞬間、数字も現場も一変します,
17,FL比率を動かせる店は、未来を動かせます。今日から仕組み、見直しましょう,
,,
ネタメモ：売上目標の決め方,,
シーン,①セリフを考える（ライティング）,
1,"昨対比目標＋10％でええやろ…って勢いだけの売上目標ほど無駄なもんないです
",
2,『数字増やせ』って言うだけで、根拠のない目標にため息ついてません？,
3,前年比プラスばっかり、計画もなく追い込んで…現場、疲弊してませんか？,
4,それ、単なる数字の押し付けです,
5,このままやと、スタッフもお客様も離れて、赤字が膨らむだけですわ,
6,ほんまは“売り上げもっと上げたい”って思ってるのに、売上目標の決め方が分からんからモヤモヤしてません？,
7,分かりますよ。売上は出てても、数字の根拠がないまま走るの、疲れますよね,
8,ほんまは『この売り上げ目標、どこに繋がってるんやろ』って心の奥で疑問に思ってません？,
9,でも利益から逆算して目標を割り出したら、売上の意味が見えて、現場もラクになったんですわ,
10,今日は、利益から逆算して目標を“1日単位”で割り出す考え方をお伝えします,
11,感覚で数字を追う店と、利益ベースで数字を組み立てる店。成果も疲れ方も全然違います,
12,売上目標って、旅行の計画みたいなもん。行き先（利益）決めて、日程（目標）組まんと迷子になりますわ,
13,"売上目標は“根拠ある数字”
利益から逆算して決めることが大事です",
14,利益目標と固定費を足して、粗利率で割り戻す。さらに月・週・日に分け、客数×単価まで落とし込むんです,
15,それだけで、“何人にいくら売るか”がはっきりして、現場も数字も回り始めます。ぜひ保存して自店で試してください,
16,僕もこの方法で数字に振り回されなくなり、売上と利益が繋がりました。あなたにもできます,
17,今日から逆算で目標立てましょう。保存して、また見返して使ってな,
,,
ネタメモ：ABC分析,,
シーン,①セリフを考える（ライティング）,
1,売上の8割が一握りの商品からって知ってます？,
2,『どれが稼ぎ頭か分からん』って、毎月在庫とにらめっこしてません？,
3,売上データはあるのに活かせてない…そんな感覚ありません？,
4,勘頼りの経営は危険です,
5,このままやと、仕入れも販促もズレまくって、時間もお金もドブに捨てるだけです,
6,全部売れればええなって心のどこかで期待して具体的に計算したことないんちゃいますか？,
7,"分かりますよ。
どれが主役か分からんと、発注や仕込みに自信持てないですよね",
8,ほんまは『この労力、どの商品に効くんやろ』って心の中で疑ってません？,
9,もABC分析で見える化したら、売上の意味がハッキリしてスッと肩の力が抜けるんです,
10,今日は、ABC分析の計算式と活用法を“1日で使えるレベル”に分かりやすくお伝えします,
11,感覚で仕入れる店と、数式で仕入れる店。結果も疲れ方も全然ちゃいます,
12,ABC分析は健康診断みたいなもん。血液検査の数値を見なあかんように、売上の数値を診んと、本当の問題は見えへんのです,
13,ABC分析とは累積売上比率”で見ること。Aは70％まで、Bは90％まで、Cは残りで覚えましょう,
14,計算式は簡単。各商品の売上を総売上で割って累積し、累積比率＝累積売上÷全売上×100。70％未満がA、70〜90％がB、90％超がCです,
15,A商品は欠品厳禁で販促強化。B商品はコストやレシピを見直し、C商品は発注を絞る。このランク別運用だけでムダ仕入れが減って利益が増えます,
16,この分析で、主役と脇役が一目で分かり、売上と利益の流れがつながるようになります,
17,今すぐデータを引っ張り出して、売上比率を計算しましょう,
,,
ネタメモ：ネット情報の統一化,,
シーン,①セリフを考える（ライティング）,
1,,
2,祝日前に『営業時間っていつまで？』って毎回電話来る…,
3,イベント終了後もネットに残りっぱなしで、お客さんが勘違いしてませんか？,
4,それ、情報の統一と更新をサボってる証拠です,
5,このままやと、口コミも評価も分散して、MEO順位もどんどん下がります,
6,『ホームページは更新したはず』って思いながら、GoogleマップやSNSの営業時間、放置してません？,
7,『どのサイトに何を書いたか忘れた…』って、自分でも混乱してませんか？,
8,ほんまは『Googleの順位が落ちたんはこれのせいかも』って、心の奥で気づいてません？,
9,休日営業時間やイベント情報を含めて統一したら、予約も評価もちゃんと戻るんです,
10,今日は、名前・住所・電話番号に加えて、祝日やイベント情報を統一する具体的な方法を紹介します,
11,ばらつきのある情報を統一した店は、Googleマップでの順位が上がり、来店が増えています,
12,統一化は料理の盛り付けと一緒。皿ごとにバラバラだと味が良くても伝わらん。きちんと揃えてこそ美味しさ（信頼）が伝わります,
13,正解は、NAP情報だけやなく、祝日やイベント情報まで一貫させること。これがローカルSEOの基礎です,
14,具体的には、自社サイト、Googleビジネスプロフィール、SNS、外部サイトの全てで同じ名前・住所・電話番号を使い、営業時間やイベントの情報も一致させる。更新時はリストを作って優先順位を決めて対応,
15,これだけで、MEOの順位が上がり、来店や問い合わせも増え、口コミが一元化されてブランド評価も高まります。保存して、自店でチェックリストを作りましょう,
16,僕もこの方法で、祝日営業の混乱もイベント情報のトラブルもなくなり、Googleの順位が安定しました。あなたの店も絶対変わります,
17,今すぐ自分の店の情報を確認して、全部そろえましょう,
,,
ネタメモ：レトルト商品,,
シーン,①セリフを考える（ライティング）,
1,"店内売上が戻らないなら、あなたの秘伝の味をレトルトで届けませんか？
今日から店外売上を増やす方法、教えます",
2,店内は満席。でもそれだけじゃ限界や…って、思い始めてません？,
3,レトルトに興味あるけど、“味が再現できへんやろ”って敬遠してません？,
4,それ、知らんままチャンス捨ててる証拠です,
5,このままやと、ブランドの味も売上も店の中に閉じ込めたままですよ,
6,『メニューの味そのまま出せるわけない』って諦めてる自分、心のどこかに居てません？,
7,正直“もっと広げたいのに方法が分からん”ってモヤモヤしますよね,
8,ほんまは『店の味を全国に届けたい』って夢、ずっと持ってますよね？,
9,僕も同じでした。でもレトルトにしてから、ファンも売上も増えたんですわ,
10,今は20食単位でレトルト試作できる時代。小ロットならリスクほぼゼロです,
11,大量生産じゃなくても始められる。このチャンスを逃したらもったいないで,
12,レトルトは“食べられる名刺”。あなたの味を遠くのファンに届けるPRツールなんです,
13,"レトルト食品は、料理を袋やトレーで密封し高温高圧で殺菌した食品です
コロナ禍でEC販売が増え、店外売上の柱になってます",
14,"作る手順はシンプル。
①商品と包装を決める
②地元保健所に製造許可を確認
③レシピと食材は自社で決め、製造は小ロット対応のOEMに委託
④試作を繰り返して味を再現",
15,"実際、クライアントの居酒屋はカレーをレトルト化してファンを増やしました
しかもレトルトは1回の製造量が少なくても委託でき、誰でも始められます",
16,"大事なのは製造業者選び。経験豊富で企画やパッケージ作成も支援し、小ロット対応し、添加物を極力使わないメーカーを選んでください
あなたの味を守るためです",
17,今日のポイントを踏まえ、保健所への確認やOEM選定など具体的な準備を進めましょう,
,,
ネタメモ：財務三表の説明,,
シーン,①セリフを考える（ライティング）,
1,黒字でも潰れる店、P/Lしか見てません,
2,"黒字やのに資金繰りヤバい”って、おかしいと思いません？
",
3,売上だけ伸びてるから大丈夫、って思い込んでるお店、多いんです,
4,でもそれ経営とは呼べないですよ,
5,このままやと、“気づいたら資金ショート”…そこまで見えてないだけです,
6,たぶん今、“利益出てるのに、なぜか資金繰りが苦しい”って感じてますよね？,
7,家賃払て、仕入れ払たら…“通帳の残高、あと数万円”とかザラですよね,
8,月100時間は厨房おって、残るの5万以下やったら、そら心折れます,
9,頑張ってる証拠はあっても、通帳は嘘つきませんから,
10,今日のリールでは、“P/Lだけ見てた経営”がどれだけ危ないか、3表の役割を超シンプルに解説します,
11,僕も昔、利益出てたのに現金減ってる理由、マジで分からんかったんです,
12,言うたら、売上と現金の関係を“蛇口とバケツの水漏れ”で理解するようなもんです,
13,財務三表って何かというと、P/L（損益計算書）・B/S（貸借対照表）・C/F（キャッシュフロー計算書）の3つ。これ、店の“現在・過去・未来”が全部見える地図なんです,
14,P/Lは“売上と利益”を見る表。でも、P/Lだけでは“今いくら現金あるか”が分かりません。たとえば利益100万出てても、C/F見たらマイナス30万とか、普通にあるんです,
15,P/Lで“原価率いいな”と思って仕入れ増やしたら、C/Fで現金足りずに支払い詰まるとかね。逆にB/Sで“借入返済のタイミング”見てれば、無駄な焦りも減ります,
16,もし今までP/Lしか見てなかったとしても大丈夫。三表は“店の現在地と目的地を教えてくれるカーナビ”です,
17,財務三表、ほんまに分かると“経営の見え方”変わります。まずは通帳とP/L、見比べてみてください,
ネタメモ：物件選びはなんかええな、じゃなくてロジックで選ばなあかん,,
シーン,①セリフを考える（ライティング）,
1,まさか経営者人生狂わす物件選びしてないよな？,
2,あの時もっと慎重に物件選んどけばよかった…って焦ったことありません？,
3,この物件ええ感じって具体的な市場調査もせんと決めてへん？,
4,それ危険すぎます,
5,雰囲気で選んだ物件ほど赤字垂れ流して撤退することになります,
6,感覚で物件選んだけど自分はうまくいくっていう根拠ない幻想持ってませんか？,
7,僕のクライアントでも感覚で物件決めて後悔したお店ほんまに多いです,
8,みんなこの場所なら行けるやろっていう甘い思い込みがあったんです,
9,"けど結果は惨敗
半年で資金繰りが回らんくなって撤退しました",
10,物件選びで絶対に失敗しやへんための具体的なロジックを今から徹底的にお伝えします,
11,感覚で選んだ今の自分とロジックを知った後の自分では確実に結果が変わります,
12,物件選びでロジック無視すんのは地図を見ずに知らん土地で目的地を探すようなもんです,
13,物件選びのロジックは商圏人口・客単価・家賃比率を徹底的に数字で見ることです,
14,最低限半径500m内の競合数と潜在顧客数家賃が月商の10％以下かを絶対確認してください,
15,この3つのロジックを使って決めた僕のクライアントのお店は初月から黒字化しました,
16,感覚ではなく数字で選ぶだけで物件選びは必ず成功します,
17,明日までに候補物件の周辺500m以内の競合店数と家賃比率を必ずチェックしてください,
,,
ネタメモ：インスタグラマー集客はやめろ,,
シーン,①セリフを考える（ライティング）,
1,インフルエンサーに頼めばお客様が殺到するほんまにそうですか？,
2,あの人のファンがあなたのお店のアカウントフォローしてくれるかもしれません,
3,でも実際は来店せぇへん＋興味ない層のフォロワーが増えるだけ,
4,この層ばっかり集めてると,
5,エンゲージメント下がってあなた本来のお客様にリーチせぇへんアカウントになるんです,
6,なんか最近投稿の反応イマイチやな…って感じてるならちょっと聞いてください,
7,僕も昔困ったらPRって発想にどっぷり浸かってました,
8,それで毎回その場しのぎで何とかしたつもりなって,
9,気づいたら誰にも届かんアカウントになってたんです,
10,このリールでお客様がちゃんと集まるアカウントの作り方を具体的に学べます,
11,誰にも届かん投稿を毎日頑張ってた自分からやっと卒業できました,
12,ハリボテの集客を脱ぎ捨ててお客様と繋がる投稿に変えるヒントをお伝えします,
13,集客って発信が届く相手を自分で選べるかどうかなんです,
14,"まずストーリーの閲覧数 ÷ フォロワー数×100が10％切ってたら危険信号
そのアカウントもう集客媒体じゃないです",
15,"僕も昔それで失敗して思い切ってゼロから作り直しました
誰に届けたいかだけを考えたら自然にお客様が戻ってきたんです",
16,"数字じゃなくてちゃんと届く実感
それがあるアカウントがほんまに売上をつくるアカウント",
17,まずストーリー閲覧数 ÷ フォロワー数×100を今すぐ計算してみてください,
,,
ネタメモ：週に一回15分の1on1が行えないお店は組織構造、時間の使い方をまず疑え,,
シーン,①セリフを考える（ライティング）,
1,そんなマネジメントで人材育成とか言うてる場合ちゃいますよ,
2,時間ないから1on1ムリってほんまに時間のせいなんですか？,
3,売上の資料作る時間は取れてるのに人と向き合う15分は削るんですか？,
4,それ優先順位がズレてるだけちゃいます？,
5,マネジメントって人を育てる仕事やってこともう一回思い出してほしいんです,
6,"人を大切にしたいけど時間が足らん
そうやってずっとジレンマ抱えてません？",
7,現場で毎日走り回って向き合いたくてもムリって日もあるのよう分かります,
8,でもそれ忙しいって言い訳にしてたの自分やったって気づいたんです,
9,ほんまに人を育てたいならまず時間つくるがマネジメントの第一歩やと思います,
10,今日のリールではなぜ1on1が人材定着に直結するかを具体的にお伝えします,
11,うちも忙しい忙しいって言うてる間に大事なスタッフいっぱい失いました,
12,1on1せえへん職場って点検してへん厨房と一緒で見えへんとこから崩れていきます,
13,人が辞める理由のほとんどは話せてないことです,
14,週1の1on1で最近どう？って聞くだけで空気も判断も変わります,
15,一番成長したスタッフは毎週1on1で分からんところを話してくれた子でした,
16,ちゃんと見てもらえてるって思えるだけで人はめちゃくちゃ頑張れるもんです,
17,部下と向き合う時間をつくらんマネージャーに成長も定着もないですよ,
,,
ネタメモ：無借金経営のデメリット,,
シーン,①セリフを考える（ライティング）,
1,"借り入れゼロやからこそ銀行から信用されへんってケース意外とあるんです
",
2,“借りへん方が立派”って思われがちですけど…,
3,実は銀行って、“借りてちゃんと返してる人”を評価するんです,
4,つまり、“信用の実績”がない状態になってしまうんです,
5,いざってときに融資が通らんリスク、これが“無借金経営の落とし穴”です,
6,正直、“借金”って言葉にちょっと抵抗ある…そんな気持ち、持ってません？,
7,僕も昔、“借金＝怖いもん”って思てたんです,
8,けどある時、“借り方を知らん自分”が一番怖いって気づきました,
9,経営って、“お金を動かせる人”が、チャンスをつかむ世界なんですよね,
10,今日は、“無借金＝安心”という思い込みが、将来の経営をどう縛るかをお伝えします,
11,“借りること”って、ほんまは“信用を証明すること”なんです,
12,"たとえるなら、“試合に出てない選手”が評価されへんのと同じ。
実績がなければ、信用は積まれません",
13,経営に必要なんは自己資金じゃなくて信用の器です,
14,たとえば100万だけ借りて、半年で返済するだけでも、立派な実績になります,
15,"僕の知り合いのオーナーも、開業2年目に“小さく借りて返すっていうのを繰り返して、5年後にはスッと2,000万通りました",
16,“いつでも資金調達できる状態”って、ほんまに安心です。借りんでもよくても借りれる状態っていうのが一番の理想です,
17,借金は怖い思ってた昔の自分に、届けたかった内容です。保存して、ゆっくり振り返ってみてください,
,,
ネタメモ：試食の仕方　ワンポーション食わんかい,,
シーン,①セリフを考える（ライティング）,
1,“食べた気になってる開発”、もうやめましょ,
2,お客様は一口目で満足するんじゃなくて最後まで食べて判断してるんです,
3,途中で飽きるか、しんどくなるか、最後まで心地いいか,
4,それひと口で分かると思いますか？,
5,食べ終わったときの感情まで味わわんと、ほんまの商品開発にはなりませんよ,
6,普段はお客様目線で考えよう言うてるのに、開発では自分の感覚だけで決めてたりしません？,
7,前に自分でこれ完璧わ思ったパスタ試食は一口だけでOK出してて,
8,でも実際に出したら後半しょっぱすぎて残される現場からこういうクレームが出ました,
9,お客様は最初の一口だけじゃなくて、最後の満足で評価してるって、そのとき痛感しました,
10,一口食べて美味しいと最後まで食べたいは、全然別もんやってことは、ほんまに多いです,
11,商品開発するなら満腹の一歩手前の感情まで再現してください,
12,例えるなら序盤だけおもしろい映画最後の印象で全部決まりますよね？,
13,味づくりって一口目のインパクトと最後の心地よさ両方設計して初めて完成なんです,
14,だからこそ開発での試食は1人前完食するっていうルール、絶対入れてください,
15,それだけで後半ちょっと重いなとか味の変化つけようかって会話が、自然と出てきます,
16,最後の一口までほんまに美味しいか？って問いかけがあるだけで、スタッフの目線もお客様に寄っていきます,
17,ワンポーション完食してから評価するこれを皆さんの現場の文化にしていきましょ,
,,
ネタメモ：集客の相談より「人」に関する問い合わせが一番多い,,
シーン,①セリフを考える（ライティング）,
1,採用・教育・定着…実はどこも人でつまずいてる店多いんですよ,
2,スタッフが続かへんこれ売上より先に店つぶすことになります,
3,一人辞めるたびに現場が回らへんってよく聞きます,
4,採用→教育→退職…このサイクルが止まらへん,
5,ほんまはみんな売上じゃなくて人のしんどさで限界感じてるんです,
6,ちゃんと現場見れてる経営者ほど人で悩むんです,
7,スタッフの顔色気にして空気読んで気ぃ張ってってこれしんどいですよね,
8,僕も昔この子辞めたら終わるって頭ん中ぐるぐる回ってました,
9,でも人の問題を後回しにしたお店から静かに崩れていくんです,
10,現場って人の空気が整ってないとどんな施策も効きません,
11,僕にDMくれる方みんな最初は売上の相談って言いながら、最後は人の話になります,
12,冷え切ったスタッフに熱意ぶつけても、うまいこと伝わらないんですよね,
13,経営って人に向き合う覚悟がないと、何もうまく回らんようになってます,
14,まず辞めた理由と向き合うだけでも、次の採用や教育の質が変わります,
15,実際にヒアリングや仕組み変えた現場では、誰も辞めてない半年っていうのを作れたお店もあります,
16,人が定着する安心感これほど経営に効くものは他にありませんでした,
17,"人のことで限界がきてるなら一度僕にDMをください
必ず整理できます",
,,
ネタメモ：こだわりすぎて財務ぐだぐだ→実はこんなお店が好き,,
シーン,①セリフを考える（ライティング）,
1,"財務ぐっちゃぐちゃ
これがダメって誰が決めたんですか？ 僕は、むしろ“愛”に見えます",
2,原価率バグってる。でも厨房覗いたら、“どうしても外せん食材”が並んでる,
3,これがこの一皿のこだわりやって思って削れずにいる,
4,そら、財務整うわけないんです,
5,でもそれがあのお店のあの味忘れられへんわって言われる理由やったりするんです,
6,"この食材外せば利益出る”って分かってても、どうしてもやれへん時ありますよね？
",
7,めちゃくちゃコンサルタントっぽくないこと言うんですが,
8,やっぱり料理人の職人っていうのが垣間見える瞬間が何よりも大好きなんです,
9,結局お皿の上に表現されたヤンチャな原価率がその人の愛なんですよね,
10,こだわりすぎてるお店って、数字より味で語ってるお店なんです,
11,それがいいか悪いかじゃなくて何を信じてるかが問題やと思うんです,
12,"例えば赤字覚悟でやってるライブ
魂は削れてるけど誰よりも伝わりますよね",
13,こだわりって削るもんじゃなくて守るために、誰かが“背中支える”もんやと思うんです,
14,数字、仕組み、経営のこと。それは僕に任せてください,
15,実際味は守って経営は黒字にしたお店、今も全国にいくつかあります,
16,あなたの料理の本気ちゃんと経営という形にして残しましょう,
17,僕は原価率の高いお皿に誰よりも敬意を持っています,
,,
ネタメモ：CFの8つの型で自店の経営状況の判断を,,
シーン,①セリフを考える（ライティング）,
1,経営偏差値、残高で出ます,
2,経営の“型”がズレてたら利益出てるのにお金残らなくなりますよ？,
3,そもそもキャッシュフローでお金の流れ見てないなんてことないですよね？,
4,通帳残高見て今月も利益出たわって安心してたら経営とは呼べません,
5,キャッシュフローを営業・投資・財務の3つに分けて見ることから経営は始まります,
6,自分なりにちゃんと経営してるつもりやったのに…って通帳見て急に不安になったことある人は必見です,
7,"まずは、状態が良好な型を４つ紹介します
・安定型：全部プラスの超健康体
・改善型：稼いで返済してる改善期
・積極型：攻めの設備投資中
・健全型：返済も投資も内部でまかなう堅実型",
8,"次に注意すべき型
“黒字倒産予備軍”がここに多いです
・救済型：赤字を借入と資産売却でしのぐ
・リストラ型：売上ないけど資産で返済
・勝負型：借金して再起を狙ってる状態
・大幅見直し型：全マイナス。緊急手術レベル",
9,"利益出てるのに現金ない方は救済型 or リストラ型の型に入ってるかもしれません
頑張ってるのにしんどいなら一度確認してください",
10,"このように利益より、現金残ってるかがホンマの経営偏差値です
型を知ることで、改善点が見える
通帳見てモヤっとしたら、それがサイン",
11,あなたのお店はどの型でしたか？,
12,,
13,,
14,,
15,,
16,,
17,,
,,
ネタメモ：飲食店の店舗アカウントのプロフィール,,
シーン,①セリフを考える（ライティング）,
1,そのプロフィールが、集客の足引っぱってるんですよ,
2,リール回ってんのにフォロワー全然増えへん…って悩んでませんか？,
3,何も考えずに、リンク2つ貼ってたり、ハイライト10枚とか…してません？,
4,それ出口のない導線になってます,
5,このままやとせっかく伸びた投稿も記憶に残らん通行人で終わります,
6,フォロワー伸ばしたいなら最初に見る場所が整ってるのって当たり前やと思いません？,
7,投稿内容ばっかり気にしてプロフィールって後回しになりがちですよね,
8,見られてるのは投稿やと思ったって正直なとこないですか？,
9,リールで知ってくれてフォローするか判断してるのは投稿内容じゃなくてプロフィールなんです,
10,今日はリールは伸びるのにフォロワーが増えへん理由をプロフィール構造から解き明かします,
11,これ知らんままやと伸びて終わり知ればフォローにつながる導線が作れます,
12,"プロフィールはお店の入口
リールが看板やとしても入り口ぐちゃぐちゃやったらお客様入ってきませんよね？",
13,"プロフィールは設計なんですただ書くだけじゃなくて導線の設計図です
",
14,"最低限これだけは確認してください
・リンクは1つだけ
・ハイライトは1〜3枚に厳選
・名前にエリア×ジャンルを明記
・続きを読む前提で書かない
・2行目以内に数字で実績を載せる",
15,これ整えるだけでリールだけ伸びて終わりからファンが残るアカウントに変わります,
16,そらフォロワー増えへんわってちょっと思い当たった人はすぐ直してみてください,
17,投稿バズらせる前に、“入口”直しましょ。フォローされるかどうか、まずプロフィールです,
,,
ネタメモ：メニュー開発は固定概念に囚われてはいけない（リフレーミング）,,
シーン,①セリフを考える（ライティング）,
1,毎回思考停止メニュー、作ってませんか？,
2,メニュー開発するたびに定番に寄るのってなんかモヤッとしません？,
3,つい自分らしさとかうちのお客様はとかで止めてしまうんです,
4,それ思考の悪いクセです,
5,このままやと新作のつもりが記憶に残らへん味の再放送になってしまいます,
6,もっと売れるメニュー出したいって気持ちずっとあるのに、形にできてへん感覚ないですか？,
7,毎日の仕込みで考える時間なんて取れへんのが現実ですよね,
8,チャレンジしたいのに売れへんかったら怖いって、どっかで止めてません？,
9,"でも今のままを続けるほうがお客様はゆっくり離れていきます
",
10,今日は固定概念を外すことでメニュー開発の幅がどう変わるかをお伝えします,
11,"今まではうちらしい味っていうのを守っていた
これからは売れる角度から組めるようになります",
12,具材は変えても味付け一緒やとお客様は同じに見えます,
13,メニューが似てくる理由は思考の深さが足りてないからです,
14,"もし行き詰まったらこの8つの問いが新しい一品を引き出してくれます
①全体の問い：部分より全体で解決するなら？
②主観の問い：あなたの偏愛って何？
③理想の問い：どんな変化を届けたい？
④動詞の問い：その行動再発明できる？
⑤破壊の問い：壊すべき常識は？
⑥目的の問い：それって手段やとしたら？
⑦利他の問い：社会にどう役立つ？
⑧自由の問い：もし、なんでもできるなら？",
15,例えばカツ丼を片手で食べられるようにするってだけで、全体と行動が一気に変わります,
16,"商品開発ではなくて問いの再設定なんです
まず気づくことから始めてみてください",
17,"この問いを始めることから売れるメニュー、そこから生まれます
",
,,
ネタメモ：FL60%なんて守っていたらやっていけない,,
シーン,①セリフを考える（ライティング）,
1,“FL60％〜”言うてるコンサルのいうこと聞いてたら、お店潰れます,
2,FL下げて、削って、シフト減らして…それでも苦しいって感じてません？,
3,利益出てるはずやのにって数字と感覚ズレてきてませんか？,
4,それ利益じゃなくて無理して耐えてるだけなんです,
5,"このまま数字だけ信じて動いてたら、お店も心も、先に折れます
",
6,FLは経営の基本って学んだのに今それが苦しめてる気してません？,
7,FLの数字をずっと意識してシフトも材料も限界まで削ってきたんですよね,
8,これ続けるのもう無理なんちゃうかなって心のどっかで思ってますよね？,
9,ほんまにしんどいのは数字を守る経営してることなんです,
10,今日はFL比率が高くても利益が出る設計を3つの視点から解説します,
11,FLを守ることが目的やった人がFLをどう使うかで経営変わってます,
12,"FLって水道の蛇口の向きみたいなもん
出す量じゃなくどこに流すかなんです",
13,FL比率って費用の配分でしかなくてどう回収するかで勝負は決まります,
14,"【財務】高粗利ドリンクで回収
【現場】圧倒的な味と回転率で勝つ
【経営】初回来店は赤字でもLTVで回収する設計",
15,"FL75%でも利益出てるお店は沢山にあります
セオリーではなく設計の話なんです",
16,守る経営ではなく使い切る経営でもう一回お店立て直してみませんか？,
17,FL＝守るものって思ってた人ほど今日から設計を見直してみてください,
,,
ネタメモ：問題の本質を探す→新規集客欲しいのにメニュー開発、人が辞めるから人事評価など,,
シーン,①セリフを考える（ライティング）,
1,集客したいのになんでメニュー開発してるんですか？,
2,最近ヒマやしとりあえず新作出すかって無意識に動いてません？,
3,辞める人が多い＝制度が悪いって決めつけて動いてませんでした？,
4,それ症状見て原因決めてるだけです,
5,本質ズレたまま手を打っても効かん薬ばっかで気づいた頃には手遅れです,
6,とりあえず〇〇やっとこって手段が先行してません？,
7,なんとかせなあかんって焦ってしまって手が先に動いてしまうのめっちゃ分かります,
8,でも正直これ意味あるんかなってどっかでモヤモヤしてませんでした？,
9,"そのままやと動いてるのにズレてる経営が続くだけです
",
10,今日はどこを直すかを正しく見抜く考え方をお伝えします,
11,同じ改善でも問いがズレてたら全部ムダになります,
12,骨折してるのに湿布貼って安心してるようなもんです,
13,"大事なのは目の前の現象だけじゃなくてその背景にある構造を見抜くことです
",
14,"①目的を再確認
②現象と原因を分ける
③なぜ？を3回掘る
これでズレた改善は防げます",
15,"ヒマやからメニュー開発”やなくなぜ来ないのかから分解したら
広告・動線・認知が先かもしれません",
16,ちゃんと考えてるつもりやった人こそ1回問いを見直してみてください,
17,何を直すかを間違えたまま走り続けんといてください,
,,
ネタメモ：求人が来ない理由とブランドイメージの関連性,,
シーン,①セリフを考える（ライティング）,
1,その求人内容誰が働きたいと思うん？,
2,求人サイトに載せても反応ゼロ,
3,とりあえず時給だけ上げとけばいいやって思ってないですよね？,
4,それ痛いほどズレてます,
5,人手も増えんくて現場張り付きで家族との時間も消えていく一方ですよ,
6,求人出してもどうせ来やんしって諦めながら掲載してませんか？,
7,"応募あっても面接スッポカシ
何回も喰らいましたよね",
8,求人どれだけ頑張っても空回りしてお金の無駄やんって後悔ばかりですよね,
9,正直媒体が悪いってずっと求人サイトのせいにしたりしますよね,
10,でも求人はお客様を集める集客以上の仕掛けが必要なんです,
11,これ知らんオーナーは毎月5万以上ムダにしてます,
12,"要は求人はラブレターです
読まれる前に捨てられるような文面じゃ伝わりません",
13,"条件で人の感情は動かないので
働きたい！と思える理由を伝える求人にすることです",
14,"仕事内容の羅列で魅力感じますか？
もっとオーナー自身の価値観とスタッフの人柄を見せるんです",
15,例えば、なんでこのお店をやってるかを書くだけで共感してもらえると応募数は段違いに変わります,
16,情報空間上の人の反応はあくまで「共感」です,
17,情報ではなく共感媒体にしていきましょう,
,,
ネタメモ：エリアリサーチ　主導線と副動線,,
シーン,①セリフを考える（ライティング）,
1,今から店出す人、主導線と副動線、違い知らんとヤバいで,
2,人通り多いとこ＝ええ立地って思い込んでません？,
3,実はその道ただの通勤通学の通り道かもしれません,
4,つまり寄り道されへん道なんです,
5,そのまま出店したらお客様は素通りで家賃だけはきっちり出ていきますよ,
6,"メインの通りから歩幅で5m以内なら寄るけど
15m超えたら「もうええわ」ってなるのが人の心理です
そもそも通る目的が違う道ちゃんと見極めてます？",
7,実際に人通りだけで決めて潰れたお店たくさん見てきました,
8,立地＝人通りの数って思い込み、ほんまに多いです,
9,出す前に動線の目的見てたら助かったはずのお店めっちゃあります,
10,"このリールでは立地を人通りで選ぶ危険性と
ほんまに見るべき動線の見極め方が学べます",
11,"知らんまま出すと立地ミスで地獄
知ったら回遊率で勝てるようになります",
12,通勤路にお店出すのは、波に向かってボート漕ぐようなもんなんです,
13,飲食店って寄れる道に出すのがほんまの勝ち方なんです,
14,男性70cm・女性65cmの歩幅で副導線にお店を出す場合の目安は主導線から5〜10m圏内にあるとお客様の足は止まります,
15,他にも昼ピークエリアの近辺にあるコンビニはレジが３つ以上なども目印です,
16,"店の場所って家賃より動線
そこ読み違えたら全部狂うんです",
17,"道の目的ちゃんと見てますか？
それが出店にとってはすべての始まりです",
,,
ネタメモ：新卒を採っても育たない本当の理由　教育者が正解を持ちすぎてる,,
シーン,①セリフを考える（ライティング）,
1,「なんでできへんねん」って言う前にその指導窮屈すぎませんか？,
2,言った通りにやれ”が、成長を止めてるって気づいてます？,
3,「お前のため」の教育って、実は“自分の安心”のためになってませんか？,
4,若手は、正解より“自分の失敗”でしか育たんのです,
5,このままやと、“指示がないと動けない人間”しか育ちませんよ,
6,"失敗されると困る”って思ってません？
それ、育成やなくてコントロールなんです",
7,“育ててる”つもりで潰してる例、現場で山ほど見てきました,
8,教え込む”教育ほど、若手の思考力を奪うんです,
9,ほんまは“答え待ち人間”に育ててるだけやのに、気づいてないだけです,
10,ちゃんと教えてるのに育たん理由”、とことん言語化します,
11,この考え方を知らんままやと、“人材が育たん店”で一生悩むことになります,
12,育成って、“答えを教えること”じゃなくて、“考える場を与えること”なんです,
13,育つ組織って、“教える”より“問いかけてる”んです,
14,この時どう思った？”“自分やったらどう動く？”って聞くだけで、若手の脳は動き出します,
15,自分で考えて動いた経験が、“もう一歩踏み込める人材”を育てるんです,
16,教え込む教育”に限界を感じてるなら、今日から“聞く側”に回ってみてください,
17,聞く勇気”が、育つ職場のはじまりです,
,,
ネタメモ：現場の1秒が崩れると、客単価が300円下がる　動線の再設計術,,
シーン,①セリフを考える（ライティング）,
1,たった1秒のズレで、客単価300円、消えてます,
2,あれ？ネギどこやっけ”って、探して1秒ロスしてません？,
3,冷蔵庫まで3歩、まな板まで2歩。たったそれだけで客単価数百円飛ぶんです,
4,導線、何年も見直してへんでしょ？,
5,人が育たん店”より、“動きが育たん店”の方が赤字なんですよ,
6,最近なんか疲れるな…って感じてるなら、調理中に“無駄な一歩”増えてるはずです,
7,“あれ？あのトングどこいった？”って探してる時点で三流です,
8,そりゃ疲れますよね、厨房の配置がスタッフの動きに追いついてへんし,
9,結局、疲れてるんじゃなくて非効率に潰されてるだけです,
10,現場の1秒が崩れるだけで、客単価・回転率・スタッフの余裕、全部下がっていきます,
11,でも、動線さえ整えば、“今の厨房でも”数字は変えられます,
12,厨房って、信号なしの交差点やと思ってください。ちょっとでもズレたらすぐ渋滞するんです,
13,厨房の設計って、“体の流れ”に合わせて作るもんなんです,
14,よく使う道具は全部、ワンアクションで取れるとこに。しゃがむ・振り返るは全部ムダやと思ってください,
15,"僕が入る現場ではまず“2歩以内に収まる厨房”に直してます。それだけで疲労も回転率も変わります
",
16,ラクになって、注文が増えて、スタッフもピリつかん。それが“設計の力”です,
17,“今の厨房”で疲れてるなら、設計、見直すタイミングです,
,,
ネタメモ：POSレジの紹介,,
シーン,①セリフを考える（ライティング）,
1,POSレジ選びで、あなたのお店にとっての“地雷”、引いてませんか？,
2,今日は“どのPOSがどんな店に向いてるか”を、わかりやすく話します,
3,"まずSquare。月額無料やし見た目もスッキリ。
でも注文数が増えてくると限界出てくるお店多いです
席数が多かったり、追加オーダーが多い場合は不向きです",
4,"逆にスマレジは、在庫・勤怠・売上分析まで、戦うための武器が詰まってる。
ただ、機能多い分、初期設計ちゃんとせな活かせへんのが少し手間",
5,"ユビレジはUIが直感的で、教育コスト低い。
スタッフ入れ替わり激しい店では、現場の負担をめっちゃ減らしてくれる
その反面お客様が触れる画面は少し操作性は悪いです",
6,"funfoは逆に省人化したい店向き。
モバイルオーダーとかLINE連携で、注文の流れをスマホで完結させるし
顧客管理もこなせて個人的に特におすすめです",
7,POSレジは“価格”じゃなくて、“何を任せたいか”で選ぶんです,
8,まとめると,
9,"現場の負担を減らしたいならユビレジ、
回転数と売上上げたいならスマレジ、
少人数運営ならfunfo、
まず動き出したい人はSquareです",
10,"POS変えただけで毎日めっちゃラクになった”
そういうお店ほんまに増えてます",
11,"なんでこんなに現場しんどいんやろ”って理由、
実はPOSにあるかもしれませんよ",
12,POS選びに迷ったら、すぐ見返してください,
13,,
14,,
15,,
16,,
17,,
,,
ネタメモ：立地選び　一等地信仰が危ない理由,,
シーン,①セリフを考える（ライティング）,
1,すみません一等地物件の闇暴いちゃいます,
2,駅前のあの場所、また店潰れてる…”って思ったことありません？,
3,あれ、実は“不動産会社のある仕組み”が絡んでるんです,
4,不動産業界には『両手取引』ってのがあって、大家さんと借りる側、両方から手数料取れる仕組みなんです,
5,"この仕組みやと、まず大手チェーンや有名企業に情報が流れて、中小にはまず回ってきません
",
6,じゃあ個人のとこに流れてくる一等地は？って言うたら、“家賃が異常に高い”とか“条件が悪い物件”ばっかりなんです,
7,だから個人で駅前一等地を契約しても家賃だけで売上のほとんどが飛ぶお店が続出します,
8,あなたも『いい場所見つけた！』って内見した時、内装がボロボロ、設備が中途半端…って経験ありません？,
9,なんで大手はその物件を取らんかったのか、理由考えたことありますか？,
10,両手取引のせいで、“いい物件”の情報が中小には基本出回らないんですよ,
11,今日は『中小のお店か一等地にこだわると失敗する理由』と、『失敗しない立地選びの方法』を具体的に教えます,
12,立地がいいからって焦って契約して、あとで『家賃払えへん…』って悩む人ほんまに多いんです,
13,一等地って、“大手が逃げた後の地雷原”みたいなもんで、何も知らずに飛び込んで怪我する店が多いんですよ,
14,立地は“家賃が売上の10%以内か”、“同業態の店が1年以内に潰れてないか”、“お客さんが自店に合うか”、これを絶対確認してください,
15,"僕のクライアントも駅前一等地で月80万の家賃に苦しみました。
でも少し離れた家賃25万の二等地に移転したら、利益率が3倍に跳ね上がりました」",
16,なんでこんなに売れてるのに儲からへんの？”って原因、家賃の高さと物件選びにあるかもしれませんよ,
17,立地選びで絶対後悔したくないなら、この話“保存”して、契約前にもう一回見直してください」,
,,
ネタメモ：スタッフに任せる前に、なんでやるべきかの視座を揃える　自由＝放置じゃない,,
シーン,①セリフを考える（ライティング）,
1,『任せる』の本当の意味を知らんから、お店が潰れかけるんですよ,
2,『自由にやって』って任せた瞬間、スタッフが迷子になってません？,
3,それで結果、サービスも接客も店ごとバラバラになってませんか？,
4,それ自由じゃなくて放置です,
5,気づかんままやと、スタッフのやる気も売上も一緒に下がりますよ,
6,『任せたはずやのに、なんで自分ばっか動いてるんやろ…』って思ったことありませんか？,
7,僕も昔、それで痛い目見ました,
8,『自由にして』がスタッフの不安を逆に煽ってたんですよね,
9,結局『放置』した結果、スタッフが辞めて、お店も売上も落ちました,
10,今日は、スタッフに任せる前に絶対やるべき『なんでやるか』の視座合わせを伝えます,
11,これ知らんままやと、『任せてもうまくいかへん』ループから一生抜けられませんよ,
12,任せるって、地図も持たせんと『目的地まで自由に行け』って言うようなもんです。スタッフが迷うに決まってますよね？,
13,任せる時は、『なんでこれをやるのか』を絶対セットで渡してください,
14,たとえば掃除なら、『綺麗にしたい』じゃなく『お客様にまた来てもらうため』って伝えるんです,
15,理由が明確になった瞬間、スタッフは『指示待ち』から『自分で考えて動ける人』に変わります,
16,これやるだけで、お店の雰囲気も売上も驚くほど良くなりますよ,
17,,
,,
ネタメモ：飲食店経営は“戦時”と“平時”を分けて考えろ,,
シーン,①セリフを考える（ライティング）,
1,いつも同じやり方の飲食店は利益を潰してるだけなんです,
2,忙しい時ほど儲からへん…って思ったことありません？,
3,ピークも暇な時も、ずっと同じオペレーションしてません？,
4,それ、一番やったらあかんことです,
5,区別つけへんと、忙しいほど利益ゼロ、暇な時に無駄遣いで赤字になります,
6,『今日は忙しい！』って焦ってメニュー増やしたり、『暇やから』って無理にセールしたりしてません？,
7,正直現場に立ってたら焦る気持ちも分かります,
8,"でも実は「いつも全力」が、スタッフの負担になってしまいます
",
9,"気づいた時には、スタッフもお金も残ってなかったです
",
10,だから今日は、『戦時』と『平時』を分けて経営する具体的な方法を伝えます,
11,"この考え方知らんままやと、頑張ってるのに一生報われませんよ
",
12,戦時は試合中、平時は練習。スポーツチームが毎日試合してたら潰れますよね？,
13,忙しい時は『効率と売上』、暇な時は『利益率改善とスタッフ教育』を徹底してください,
14,"忙しい時はメニュー絞って回転率アップ。暇な時は試作・新メニュー開発とスタッフ育成」
",
15,僕のクライアントはこのやり方で、繁忙期は売上記録更新、閑散期でも利益確保してます,
16,『忙しいほど儲からへん』って店ほど、この区別ができてないだけなんです,
17,まず今日、『忙しい日』と『暇な日』の動き方、スタッフと話して決めてください,
,,
ネタメモ：Google口コミ＝QSC＋店舗内研修,,
シーン,①セリフを考える（ライティング）,
1,Google口コミが自然に増えるなんて幻想です,
2,お客様に口コミ書いて欲しいのに、スタッフが全然お願いせえへん…って悩んでませんか？,
3,"『まぁ、そのうちスタッフも自然と頼むやろ』って教育後回しにしてません？
",
4,その考え、大間違いです,
5,口コミ教育しないまま放置してたら、他の店に完全に埋もれて、お客様が新規で入ってくることなくなりますよ,
6,今お客様入ってるからって安心してませんか？スタッフが勝手に口コミ依頼するやろと思ったら大間違い。実際、スタッフはやり方知らんまま日々お客様逃がしてます。それ、スタッフやなくて教育してへん経営者であるあなたの責任ですよ,
7,"僕が関わったお店でも、口コミ依頼せんまま放置して痛い目見たところ、ほんまに多いです
",
8,『お客様にお願いするの失礼かな』っていう変なプライドがあったんです,
9,そのプライドのせいで、繁盛してた店が一瞬で閑古鳥になった経験があります。,
10,スタッフが自信をもって口コミを頼めるようになる、僕がクライアントに教えてる具体的な研修方法をお伝えします,
11,スタッフがお願い上手になった瞬間、お客様から感謝されて口コミも劇的に増えますよ,
12,研修なしで口コミ依頼させるのは、泳げない人をいきなりプールに放り込むのと一緒です,
13,口コミ回収は接客の一部。スタッフにお願いの型を徹底的に研修する、これが唯一の正解です,
14,例えば『もしよければお帰りの際、Google口コミいただけると励みになります』ってスタッフが全員言えるまでロープレしてください,
15,僕のクライアント店はこれで1ヶ月で口コミ数が3倍。スタッフも口コミが増えて喜びでやる気も倍増しています,
16,スタッフはやり方を知らんだけでちゃんと教えたら絶対できます,
17,今すぐスタッフLINEグループに、『明日から口コミ依頼を接客に入れます』ってメッセージを送ってください,
,,
ネタメモ：価値を人に宿すと、集客が強くなる,,
シーン,①セリフを考える（ライティング）,
1,商品の価値だけ伝えても、お客様はもう動かない時代なんです。,
2,『商品には自信あるのになんで伝わらへんの？』ってイライラしてませんか？,
3,SNSや広告にお金かけても成果が出えへん…って焦ってませんか？,
4,その考え、甘いです。,
5,人に価値を宿さんかったら、あなたのお店は一生選ばれないままです,
6,似たような店が増える中、あなたの店だけがお客様を惹きつけられるのは、人に宿した価値だけです。,
7,実際、僕が見てきたお店でも、商品力に頼りすぎて失敗した例がほんま多いです,
8,商品を磨きさえすれば、お客様は自然に評価するっていう過信があったんですよね,
9,そんなお店ほど、気付いた時には手遅れになってました,
10,今日のリールでは、『人に価値を宿して集客する』ための具体的な方法をしっかりお伝えします,
11,価値を商品から人に移した瞬間、お客様の反応が劇的に変わりますよ,
12,価値を人に宿すのは、『あの営業さんやないと買わへん』ってお客様が付くトップ営業マンと同じ状態です。,
13,"価値はスタッフの個性に宿してください。商品は他の店も売ってますが、人の魅力はコピーできません。
",
14,スタッフが接客時、『実は僕、〇〇が得意で…』って自己紹介を入れるだけで、お客様の反応が大きく変わります,
15,実際これを実践したクライアント店では、『あのスタッフにまた会いたい』ってリピート率がかなり変わりました,
16,人の価値が見えると、お客様は自然とあなたのお店を選ぶようになるんです。,
17,今すぐスタッフに『明日から接客に自己紹介を取り入れる』とLINEで指示出してください,
,,
ネタメモ：リピーター比率＝再訪人数÷来店延人数で算出　SNSが生きる最低条件を可視化　改善策（商品・接客・体験設計）,,
シーン,①セリフを考える（ライティング）,
1,再訪率＝15％以下ならSNS投稿しても意味ない,
2,SNS必死に投稿してるのに、売上全然伸びひん…って焦ってませんか？,
3,まさか再訪率も知らんまま『新規さえ増えれば大丈夫』って勘違いしてませんか？,
4,"それ間違っちゃってます
",
5,"再訪率15％以下のお店は、どれだけ新規を集めても穴の空いたバケツに水を入れるようなもんです
",
6,SNSがどれだけバズっても、再訪率15％以下なら『二度と行きたくない店』って思われてるってことですよ？,
7,僕のクライアントにも、SNSだけ頑張って失敗したお店がたくさんありました,
8,『新規のお客様が来れば、そのうち定着する』って甘い考えがあったんです,
9,その結果、一瞬流行ってもすぐにお客様に忘れ去られました,
10,今日のリールでは、再訪率を上げるためにSNS投稿をする前に絶対必要なことをお伝えします,
11,"再訪率を上げたいなら、SNS以前にまず『品質・サービス・清潔さ』を改善するのが最優先です
",
12,QSCが整ってないのにSNS投稿するのは、片付けてへん家にお客様を呼ぶようなもんです,
13,SNSよりまず、スタッフが『品質・サービス・清潔さ』を意識できる仕組みを作ってください。,
14,例えば営業終了後、スタッフ全員に『今日のQSC』をお客様視点で振り返る時間を設けてください,
15,僕が見たクライアントのお店では、この振り返りを始めてから口コミ評価がじわじわ改善して再訪率が大きく向上しました,
16,スタッフが『お客様目線』を意識するだけで、お客様はまた自然に戻ってきますよ,
17,明日の営業終了後、スタッフに『今日の品質・サービス・清潔さを振り返ろう』と必ず伝えてください,
,,
ネタメモ：売上あっても潰れるリアルな損益構造を全項目数値付きで可視化　FL・販管費・借入返済など,,
シーン,①セリフを考える（ライティング）,
1,売上があるからって安心してる店が一番危ないんです,
2,売上伸びてるのに、なんでお金足らへんの？って焦ってませんか？,
3,『売上がすべて』って毎月売上だけ追いかけてません？,
4,実はそれ、数字の罠にハマってます。,
5,FLRや販管費を知らずに営業してる店は、気付いた時には手遅れです。,
6,売上だけ見てるお店は、手元のお金が消えてることに気づけないまま、ゆっくり潰れていきます,
7,実は僕自身も昔、売上が全てやと思ってました,
8,売上を上げることだけに集中して、お金の流れを無視してたんです,
9,その結果、売上は好調でも手元資金が底をつきかけました,
10,手元にお金が残る店と残らん店、その決定的な差がどこにあるか、数字で具体的に知りたくないですか？,
11,大事なのは売上じゃなく、『何にいくら使ってるか』を数字で正確に把握することです。,
12,売上だけを見る経営は、ガソリンが漏れてる車でアクセル踏むようなもんです,
13,お金が残る経営の鍵は、『販管費と借入返済』を明確に把握して無駄を排除することです。,
14,月1回、『何の経費にいくら使っているか』『借入返済の割合』を必ず数字でチェックしてください,
15,実際、これを徹底したクライアント店では利益率が改善し、たった半年で黒字体質に変わりました。,
16,費用を明確に把握するだけで、経営が一気に楽になりますよ,
17,今すぐ、帳簿か会計ソフトを開いて、『販管費と返済の数字』をチェックする時間をスケジュールに入れてください,
,,
ネタメモ：現場のスタッフ全員で生産者に会いに行け,,
シーン,①セリフを考える（ライティング）,
1,スタッフ全員畑に行かせてください,
2,"僕も昔キッチン内でしか仕事せず
外の景色なんて見に行く暇もないわって後回しになってたんです",
3,でも現場で指示してても気持ちが入ってないって場面何度もありませんか？,
4,やらされてる感が抜けない現場は何を教えても育ちません,
5,このままやと言われた通りやるだけの人ばかりになりますよ,
6,"僕も現場にいたからよくわかるんですけどね
スタッフって、やる気がないわけじゃないんですよ
生産者さんとの繋がりがないだけなんです
結局育つ人って体験した人なんですよ
生産者さんの土地や空気に触れたとき
食材の重みがやっと自分ごとになるんです",
7,あの空気、わかります？厨房もホールも“熱”がない時,
8,料理はちゃんと出てるはずやのに、なんかお客様の反応が薄い,
9,今思えば僕が食材の重みを言葉にできてなかったんですよね,
10,このリールを通して伝えたいのは、「体験が先にあると、言葉が変わる」ってことです,
11,僕自身、“生産者に会ってない食材”を説明してた頃は、薄っぺらかったです,
12,養鶏所に行って雛鳥を見た瞬間、「このお肉、絶対ムダにできない」って、背筋が伸びました,
13,うちの現場でも、全員で行ったあとから空気がガラッと変わったんです,
14,お店全体で1日時間をつくって、農家さんや漁師さんの現場に行くだけでいいんです,
15,「〇〇さんの野菜ですが」ってスタッフと話せるようになると、現場で“語れる人”が育つんですよ,
16,「あの時、会いに行ってよかった」って、後になって必ず思う日が来ますよ,
17,今度、食材を仕入れるときは“その人の顔”を思い浮かべてみてください,
,,
ネタメモ：マルチチャネル経営が必須,,
シーン,①セリフを考える（ライティング）,
1,1店舗1収益の時代は終わってます,
2,"原材料費が年々増えている今
利益率はどれだけ下がりましたか？",
3,客単価を増やす努力をするより売上の流れ口を増やす方が先です,
4,店舗一本で利益を出し続けるのは、すでに“構造的に無理”なんです,
5,変わらないお店は、“選ばれないお店”になります,
6,「集客もしてる、接客も丁寧、リピートもある。でも、利益が増えない」——それ、“売上の入り口が1つだけ”っていう構造の問題かもしれません,
7,今コンサルしてるあるお店、コロナ前の8割までしか“店内飲食”戻ってないんです,
8,でもオーナー、もう焦ってない。「デリバリーとECで売上、ほぼ変わらない」って言ってたんです,
9,店内だけだったら、確実に沈んでました。複数の売上経路があったから、今も戦えてるんです,
10,経営って、「売上を上げる」より「売上の“通り道”を増やす」方が、よっぽど安定するんです,
11,僕も昔、“来店さえ増えれば大丈夫”って思ってて、販路のことなんて考えたことなかったです,
12,店舗だけで戦うって、一本道で山登るのと一緒なんです。登れない時は、別ルートを作るだけで変わるんですよね,
13,僕が提案してるのは、「チャネルを3本に分ける」って考え方です,
14,店内飲食・デリバリー・EC。それぞれで“ファンが増える仕組み”をつくるんです,
15,チャネルが増えると、“どこかが落ちても他で補える”ようになる。利益の安定感がまるで違います,
16,実際やったお店、口を揃えて「もっと早くやればよかった」って言いますからね,
17,まずは“店内以外でお金が入る仕組み”、ひとつでいいからつくってみてください,
,,
ネタメモ：やりがいじゃなく仕掛けマネジメント,,
シーン,①セリフを考える（ライティング）,
1,感情”じゃなくて、“仕組み”が人を動かす時代です,
2,「俺の背中を見て育て」は、もう通じない時代です,
3,昔はそれで通用しました。でも今は、仕掛けがなければ人は定着しません,
4,やりがいも大事。でも、再現性がないマネジメントは組織に残りません,
5,人が育たない組織は、いつかリーダーの首がしまるだけです,
6,「自分が新人だった頃より、みんな温度が低い気がする」って感じたことありませんか？,
7,その温度差、みんな感じてます。でも“本人のやる気”で片付けてませんか？,
8,「もう、こっちばかり熱くても意味ないかも…」って、思ったこと一度はありますよね,
9,温度を上げるには、“感情”じゃなくて、“仕掛け”が必要なんです,
10,人が動くのは、“気持ちが入ったとき”じゃなく、“動かざるを得ない仕掛けがあるとき”なんです,
11,僕も昔、「やりがいがあれば動く」って本気で思ってました。でも、現場ってそんな甘くないですよね,
12,みんな夜になったらスマホを充電しますよね？それって、「充電しよう」って気合じゃなく、“生活導線の中にある仕組み”なんです,
13,だから大事なのは、“やる気を引き出す仕組み”を先に設計することなんです,
14,たとえば、「終礼で1日の気づきを1人ずつ話す」。これだけで、自然に視野が広がっていきます,
15,仕掛けがあると、“気持ちが乗らない日”でも動ける。現場の温度が安定するんです,
16,昔の自分に言いたいです。「熱意より先に、仕掛けをつくれ」って。,
17,"「やる気を引き出す仕掛け」、まずは1つ、現場に仕込んでみてください。
　　ピンときた方は、忘れないように“保存”しておいてください。
",
,,
ネタメモ：通販・実店舗・百貨店、全部やるべきほんまの理由は売上じゃなく耐性を作ってる,,
シーン,①セリフを考える（ライティング）,
1,一本足経営になってませんか？──売上があっても、不安が消えないなら、それが答えです。,
2,売上の柱が1本しかない経営って、“リスクヘッジ”が効かないんです。ひとつ折れたら、全部崩れる。,
3,店舗が調子いい時ほど、「守り」が後回しになってませんか？──でも、攻めだけの経営は耐えられません。,
4,「売れてる＝強い」ではない。“ディフェンスが弱い店”ほど、変化に耐えられないんです。,
5,外部環境が揺れた時、守りの設計ができてない店から沈んでいきます。売上より、まず“耐性”です。,
6,多くの店が、“売上＝前進”だけを見てます。でも、“倒れない仕組み”を持たずに進むって、危険だと思いませんか？,
7,売上を追ってるだけで手一杯。守りのことまで考える余裕、ないって思いますよね。,
8,でもどこかで、「このままだとヤバいかも」って、ずっと引っかかってませんでしたか？,
9,売れてるのに潰れる店は、“守りがゼロ”だから。売上の高さじゃなく、構造が生死を分けます。,
10,経営って、売上の高さより“崩れにくさ”で評価すべきなんです。,
11,僕も昔は、「まずは数字」って売上だけ見てました。でも、それじゃ“守り”が効かないことに気づいたんです。,
12,経営って、ビル建てるのと一緒です。上に積む前に、どれだけ強く“基礎”を打てるか。それが構造＝耐性です。,
13,実店舗・通販・百貨店”をすべて持つのは、売上のためじゃなく、“経営の耐性”をつくるためです。,
14,まずは今の売上チャネルを3つに分けて考えてみてください。1本足じゃなく、“3点で支える構造”に変えることが第一歩です。,
15,どれか1つが止まっても、他が支えてくれる。“売上の安定感”は、こうして設計されるんです。,
16,僕もずっと“売る”ことばかり考えてました。でも、残せる経営って、“支える仕組み”があるんですよね。,
17,売上のチャネル”、1つでもいいので分けて考えてみてください。「うちの場合どうするべきか？」は、DMでご相談ください。,
,,
ネタメモ：アルバイトがプロになる職場　マニュアルより哲学が共有されてるか？,,
シーン,①セリフを考える（ライティング）,
1,スタッフが育たないのはマニュアルがないからではなく、“芯”が伝わってないだけです,
2,ピーク中、手が止まってるスタッフ見て、“今それ？”って思ったことないですか？,
3,マニュアルの順番通りにしか動けなくて、お客様待たせてるのに本人は気づいてない,
4,これ、教え方の問題です,
5,このままだと、“気は利かないけど文句も言わない”スタッフばかりの静かな崩壊が始まります,
6,"“レベルが低い”って諦めてませんか？
でも本当は、“考える余白”を与えずに育ててきただけかもしれません",
7,僕も、“この子にはもう無理かな…”って何度も感じました,
8,でもあれ、諦めたんじゃなくて、教育を放棄していただけなんですよね,
9,正直、“育たない理由”を自分の外に置いてただけでした,
10,今日の話は、“なぜ人が育たないのか”と、“どうすれば言われなくても動くチームがつくれるのか”です,
11,これを知ってから、僕は“指示ゼロ”で現場が回る日を初めて経験しました,
12,"マニュアルって、信号機みたいなものなんです。
でも目的地がわかってなきゃ、青でも前に進めない",
13,一言メモ”にこそ、店の哲学が出る。マニュアルより、そこを見てます,
14,うちでは“なぜこの接客をするのか”を、開店前の朝礼で必ずセットで伝えます,
15,それ続けてたら、スタッフの子が“ここって、人を大事にするお店なんですね”ってポロッと言ったんです,
16,"ああ、この一言のために、やってきたんやなって。
“手順”じゃなく、“意味”が届いた瞬間でした",
17,まずは明日、スタッフに“なんのための挨拶か”を聞いてみてください,
,,
ネタメモ：売上が下がったときは割引じゃなく販路を増やせ,,
シーン,①セリフを考える（ライティング）,
1,"値下げは“お店の寿命”を削る行為です。
ほんまに見直すべきは価格じゃなく、“販路の狭さ”です",
2,売上が落ちるたびに、“とりあえずクーポン出すか…”って繰り返してないですか？,
3,割引しても客単価は戻らず、常連が減っていく感覚…ありますよね？,
4,そのやり方、もう詰んでます,
5,気づけば“値引きしなきゃ売れないお店”ができあがって、正規価格では誰も振り向かなくなるんです,
6,"“割引でまずは来てもらえれば…”って、思ってますよね？
でも、その来店動機、あなたのお店じゃなくて“安さ”です",
7,売上が下がったとき、“割引すれば人は来る”って、思ったことありますよね,
8,でも内心、“うちは安くしないと選ばれないのか…”って悔しさが残りませんでしたか？,
9,あの悔しさって、“販路を考える覚悟”がまだできてなかった証拠なんです,
10,"売上を上げたいなら“売り方”を変えるべきなのに、
なぜかみんな“価格”ばかりいじるんです",
11,本当に変えるべきは、“どこで誰に届けるか”のほうなんです,
12,"割引って、同じ材料・同じ手間で、わざわざ安く売ってるんです。
まかない並みに値下げして、必死に営業してるようなもんです",
13,"売上を上げるって、“価格を下げること”じゃない。
“売る場所”を増やすことです",
14,"例えば、法人向けの仕出し弁当。
客単価を下げずに、新しい売上の柱がつくれます",
15,僕の知ってる鰻屋さんは、割引ゼロのまま、MR向けの弁当だけで月商を個人店並みに伸ばしました,
16,“ウチは価格じゃなくて価値で勝負する”って、やっと言えるようになったって話、よく覚えてます,
17,"割引は一旦ストップ。
その代わり、“売れる場所”を1つ増やすことだけ、考えてみてください",
,,
ネタメモ：焼肉屋の仕込みの壁を超える仕組みとは,,
シーン,①セリフを考える（ライティング）,
1,職人が切ってる焼肉店、長く続きませんよ？,
2,うちは職人おるねん！って豪語してた焼肉屋、閉業しちゃったんですよね…,
3,"「あの職人辞めてから立ち行かんくなってしもたわ」って言ってたオーナー
最後はほんまに苦しそうでした",
4,でもこれ、よくある話なんです,
5,"その人がいなくなった日、厨房もホールも何していいか分からん
って固まってまともな営業できなかったんです",
6,"「技術は盗め」って教えられてきた世代が
「今何も残せへん」って悩んでる時代なんです",
7,実際僕も自分がおらんと回らん現場をずっと抱えてました,
8,任せたくても任せられへんし、手放したら全部壊れそうでめちゃくちゃ怖かったです,
9,でも、自分にしかできひん！を続けた先に誰も残らなかった現場も知ってます,
10,"あの焼肉屋も職人の技頼りで誰も再現できないまま終わりました
でも終わらせずに残す方法がちゃんとあるんです",
11,"昔は「見て盗め」の時代でした
でも今は「誰でも届くように翻訳する」時代なんです",
12,"昔の料理人は背中で語れって言ってましたけど
今はその背中を動画で撮って言葉で残すのが得策ですね",
13,"属人技術は感覚で覚えるから動作を
言語と動画で残すだけで価値が継承されます",
14,"実際ある焼肉屋では
カットの厚さ・スジの処理・皿の順番まで全部動画と図で仕組みにしました",
15,"技術は翻訳できるって気づいた職人が
「自分の技術が若い子らに残ることが一番嬉しいわ」って言ってます",
16,"味を守るって自分の手を動かすことやと思ってたんですが
ほんまの意味で守るって残すことなんですよね",
17,これからの飲食業は技術を受け継がせた人間こそがほんまのプロやと思ってます,
,,
ネタメモ：そのオペレーションを続けることが、継続コストがあなたの首を絞めてる,,
シーン,①セリフを考える（ライティング）,
1,「これがうちのやり方やねん」って呪いかかってませんか？,
2,昔からやってるしで続けてる作業ほんまに今も意味ありますか？,
3,なんでこれやってるん？って聞かれても「昔からやねん」って答えるしかないですよね,
4,でもそれ今の時代にはもう合ってません,
5,そのまま気づかずに5年10年続けてやってるわりに報われへん体質が完成してる店たくさん見てきました,
6,昔からの文化やしって言いながら誰もほんまの意味は説明できひん作業店に残ってませんか？,
7,僕も昔毎日やってるのに「なんでこれやってるんやろ」って感じる作業ありました,
8,でもやめたら先輩に怒られそうで怖くて黙って続けてました,
9,でも結局それでめちゃくちゃ無駄な時間だけ積み重なっていったんですよね,
10,僕ね毎回続けてる作業を見るとき何が目的やったんやっけ？って考えるんです,
11,というのも現場で何も変えずに続けてることこそ一番コストを食うんです,
12,壊れてへん蛇口からずーっと水がポタポタ漏れてるとしたら止めなかった人の責任ですよね,
13,飲食店経営で本来改善するべきは目に見えてる穴だけじゃなくて意味が曖昧なまま続けてる作業なんです,
14,現場で理由の言えへん作業は一度リストに書き出して「これ、何のためやっけ？」って問い直してみてください,
15,やらなあかんルールがいつの間にか続いてただけになってたらそれはただの現場の負担です,
16,僕も昔止めるのが怖いってずっと思ってた作業を止めたら現場めっちゃラクになりました,
17,一旦今見てるSNSの画面閉じてすぐに無駄な作業がないか見に行ってください,
,,
ネタメモ：なぜこの店は夢を語ってるだけで予約が埋まるのか？,,
シーン,①セリフを考える（ライティング）,
1,どう売るか”ばっか考えて、“なぜ売るか”を思い出せてない人、見失ってるものありますよ,
2,気づいたら“どう集めるか”のことばっか考えて、“誰に来てほしいか”が空っぽになってた,
3,だから店の発信も、オペレーションも、なんか全部ブレてくる,
4,届けたい人”を忘れたら、何も届かなくなるんです,
5,予約が埋まる店は、“うちはこういう人に来てほしい”をずっと語り続けてる,
6,“なぜこの店を始めたのか”──最近、誰かにちゃんと話しましたか？,
7,僕も昔、毎日バタバタしすぎて、“想いを語る余裕”なんてなかったです,
8,“語るより動け”って、気づいたらずっと走りっぱなしやったんです,
9,でも語らんまま続けてたら、想いじゃなくて“作業”だけが残ってました,
10,僕が見てきた“予約が埋まる店”って、例外なく“なぜこの店をやってるか”を語れるんですよ,
11,想いを言葉にできてる店って、“迷わない”んです,
12,夢って、“看板のない道”に立ってる旗みたいなもんで──語らんかったら、誰もこっち来ないんですよね,
13,まず“なぜこのお店をやってるのか”を、自分の言葉で言えるようにしてください,
14,難しく考えず、“昔誰に何を届けたかったか”──それを思い出して、書き出してみてください,
15,うまく言えなくても大丈夫。“話そうとしてる姿勢”に、人は共感します,
16,僕も昔、“語るのは照れくさい”って黙ってた。でも言葉にした瞬間、応援してくれる人が現れました,
17,あなたのお店なんで始めたのか”、よかったらコメントで聞かせてください,
,,
ネタメモ：スタッフが辞めない育成、実は評価制度より先にやるべきことがある,,
シーン,①セリフを考える（ライティング）,
1,人事評価って、“評価”じゃなくて“信頼”から始まるんですよ,
2,昇給基準つくった、評価項目決めた──それでも“人が定着しない”って悩んでませんか？,
3,数字で評価してるのに、“なんで辞めるん？”って、本気で困ってる店、多いです,
4,でも評価って、“信頼関係の上”にしか成り立たないんです,
5,信頼がないまま制度だけ作ると、“管理されてる感”だけが残って逆効果なんですよ,
6,評価制度自体がなんか冷たく感じる気がする──って思われてたんです,
7,僕も、“制度で整えたら大丈夫”って思い込んでた時期がありました,
8,でも実際は、“伝わってるかどうか”じゃなくて、“見てもらえてるかどうか”だったんですよね,
9,制度だけで現場を回そうとすると、“信頼されない会社”って空気だけ残るんです」,
10,信頼がないまま評価制度だけ整えると、現場に“冷たさ”だけが残るんです,
11,だから一番大事なのは、“評価”より前に“関わる姿勢”なんです,
12,信頼ないまま評価されるって、“顔見たことない上司に通知だけ届く”みたいなもんです,
13,辞めない育成は、“関わり方を設計すること”から始まります,
14,1on1、声かけ、日報の返信──“ちゃんと見てるよ”って伝わる関わり方が、信頼をつくるんです,
15,評価制度は“整理”の道具、信頼は“土台”──順番を間違えると、全部崩れます,
16,"昔、“制度で解決できる”って思ってた僕自身に聞かせたい
結局、スタッフが求めてたのは“関わり”でした",
17,1人でいい。“最近ちゃんと関われてない人”に、明日ひと声かけてみてください,
,,
ネタメモ：予約ゼロ→満席に変えた価格の順番　値下げより設計が先,,
シーン,①セリフを考える（ライティング）,
1,価格下げたら人が来る”って、思い込んでませんか？,
2,ちょっと安くしたら変わるかな”って値下げしたけど、結局予約はゼロのまま,
3,むしろ安く見えて、“価値なさそう”って思われてたんです,
4,価格って、“伝え方と順番”で決まるんです,
5,設計がズレたまま価格だけいじっても、“安いのに響かない”って状態になるんです,
6,値段いじるのって、“他に打つ手がない”ときの最後の手段になってませんか？,
7,僕も昔、“とりあえず価格下げとこう”ってやってました,
8,でも実際は、“伝え方と順番”がめちゃくちゃズレてただけだったんです,
9,価格だけいじっても、“意味が伝わってない店”には誰も来ないんです,
10,"予約が埋まった店は、“価格を変えた”んじゃなくて、“価格を設計し直した”んです
",
11,"そもそも“誰にどう届くか”が決まってないと、価格って響かないんですよ
",
12,中身が伝わってないまま安さだけ出すって、“味も雰囲気も書いてないチラシに値段だけデカく載ってる”みたいなもんです,
13,"その価格にした理由”、ちゃんと説明できますか？
",
14,"誰に、どんな価値があるのかを明確にしてから、“この価格なら納得できる”って設計を作るんです
",
15,価格は“数字”じゃなくて、“伝え方のロジック”。ここがズレると、どんな値段も響きません,
16,僕も昔、値段だけで勝負してました。でも、なぜこの価格か”を語れるようになってから、“来店の理由”がわかるようになったんです,
17,"価格は、“決めるもの”じゃなく、“説明できるもの”です
",
,,
ネタメモ：あなたの店、SNSやる前に現場の空気が整ってますか？,,
シーン,①セリフを考える（ライティング）,
1,実はSNSって、“伝える力”より先に、“ズレを消す力”のほうが大事なんです,
2,SNSではおしゃれ。でも実際に来たら、“あれ？思ってたのと違う…”ってズレ、ありませんか？,
3,写真は綺麗、投稿も頑張ってる──それでも反応が薄いのって、“違和感”に気づかれてるからです,
4,お客さんって、そういう空気に敏感なんです,
5,発信と現場にズレがあると、“この店、なんか信用できないかも…”って静かに離れていくんです,
6,SNSに力入れたぶん、“リアルとのギャップ”が余計に目立ってる…ってこと、ないですか？,
7,SNSで見た雰囲気と違う…”って、実際に言われてるお店、少なくありません」,
8,“頑張って発信してるのに、なんか反応薄い”──そう感じてる店、多いです,
9,違和感を放置したままの発信って、“信用を削る投稿”になってるんです,
10,SNSで伝える前に、“現場と発信のズレ”を整えるほうが先なんです,
11,発信の温度と、現場の空気が揃ってないと、“信用”って育たないんですよ,
12,SNSって、“鏡”みたいなもので──ズレてると、それがそのまま映って見えるんです,
13,発信の前にやるべきは、“現場の違和感”を1つずつ見直すことです,
14,接客、空気感、提供スピード──“お客さんが感じてるズレ”を拾いにいくのが先なんです,
15,SNSって、“届けるための装置”であって、整ってないと“ズレが拡散されるだけ”なんです,
16,違和感に気づかず発信してた時期、反応がないのが“当たり前”だったんです,
17,まず、“SNSに載せた内容と現場の印象”、ズレてないか1つだけ見直してみてください,
,,
ネタメモ：AI×飲食　ChatGPTでできる3つの時短,,
シーン,①セリフを考える（ライティング）,
1,あなたが1時間かけてる作業AIなら5分で終わります,
2,メニューPOP、口コミ返信、Instagramの原稿…結構大変ですよね,
3,でも飲食人の悪いところで「ITは分からん」「AIは難しそう」で触ってないお店が多すぎる,
4,AIはあなたの言葉を整える事務スタッフになりますよ,
5,"そもそも毎日のタスクで手一杯なまま
やりたいこと・やらないといけないことに手が回らん
それが慢性化していくんです",
6,「あぁ、あれもやらんと」って最近ため息増えてませんか？,
7,"やり方を変えたくない気持ちはわかります
でも何かを変えない限り現状はそのままです",
8,AIはあなたが頑張らなくても代わりに考えてくれる存在なんです,
9,AIを使うとあなたの「できること」が一気に2倍に広がります,
10,今から忙しい現場の人ほど助かる具体的な活用法を解説します,
11,人を増やさずに事務仕事だけAIとの分業することで成果が2倍になります,
12,たとえば営業時間後に1時間かけてたSNS原稿3分で書けたらどうです？,
13,AIを現場の一員として働かせること,
14,毎日の発信、口コミ返信、料理の説明文…考えることをAIに指示するだけで楽になります,
15,"あくまで働くのは人。でも考えるのはAIでもいい。
そう思えるだけで視野が変わります",
16,あなたの時間と労働力を守れるのは意外とこの子かもしれませんよ,
17,"とりあえず今やってるルーティン作業の中に
AIで置き換えられるものがないか1つ探してみてください",
,,
ネタメモ：今もコロナ前と同じやり方してる店　変わらないことがリスク,,
シーン,①セリフを考える（ライティング）,
1,まさかコロナ前と同じやり方まだ続けてるんですか？,
2,「あの頃はうまくいってたのに…」って、心のどこかで引きずってません？,
3,気付かんうちに時代のスピードに置いて行かれてるお店増えてます,
4,成功体験を守ることが今はリスクなんです,
5,お客様が離れていっても理由がわからんまま静かに売上が削れていきます,
6,"「変えなあかんのはわかってる」
でも気付けば昨日と同じ営業してませんか？",
7,"流石に無理もないです
忙しさに追われたら変える余裕なんて持てないですから",
8,でも余裕がずっとできてないの気付いてるでしょ？,
9,変化って特別なことじゃなくて今や当たり前なんです,
10,今日のリールでは変わることを習慣にする方法を教えちゃいますね,
11,実は成功するお店って毎日ちょっとだけ変えてるんですよ,
12,"例えば下りのエスカレーターに立ってるだけじゃどんどん下がって行きますよね？
「現状維持がいい」って言ってる人も少しずつ歩みを続けないとダメな時代なんです",
13,それに変化って売上アップのためじゃなくてお客様の期待に応え続けるためです,
14,"すぐ取り入れれることやと毎月1つだけメニューを入れ替える
それだけでもお客様の反応は変わります",
15,"昨日と違うことを1つやってみる
それを続けるだけでお店は変わり始めます",
16,"やるべきは大改革じゃなく止まらないこと
変化は続ける人だけの特権です",
17,1回「今のままでほんまにええんか」って真剣に自分に問い直してみてください,
,,
ネタメモ：竹矢匠吾が思う飲食店経営のやりがい,,
シーン,①セリフを考える（ライティング）,
1,飲食業は最高の仕事です,
2,でも正直仕事は大変やし修行時代は何度も心折れそうになりますよね,
3,その上経営してみると経理や人事とか習ってきてへんことばっかりやし,
4,そんな大変な飲食でもほんの一瞬お客様の感謝やスタッフの成長が見られた時に何にも変え難いやりがいになるんです,
5,これは僕が思う飲食業のやりがいで人それぞれ思う部分があるかもしれません,
6,それくらいあなたは飲食に対し本気で大好きな仕事なんですよね,
7,今日はなんのノウハウでもなくこの業界への僕なりの思いを共有します,
8,いろんなお仕事があるけどそのなかでも複雑な飲食業,
9,"他産業が絡み合うわ
キャッシュフローもとにかく早いわ
マルチタスク求められるわ
そりゃ廃業率も高くなりますよね",
10,でもそんな危険をかえりみずにこの業界入ったってことは同じ気持ちの仲間なんです,
11,たしかに難しくて暗い話も多いですがやっぱり業界の人同士で会うとみんな最高に幸せそうです,
12,これは飲食店は感謝の循環で幸せホルモンに覆われ続けてるからなんです,
13,"感謝する、感謝される
これこそがみんな幸せにロマンを追い続けれる現状だと思います",
14,"せっかくこんないい仕事してるんです
わざわざピリついた職場にしたり",
15,"必要以上に怒鳴ったりせずに
いち仲間と思えば競合他社さんとも手取り合っていけそうとちゃいますか？",
16,"考えは甘すぎるかもしれないですが
業界の全員を敵視したくなくて業界で一緒に頑張る隣人に思いたいんです",
17,みんなで飲食業をもっとより良い業界にしていきましょう,
,,
ネタメモ：家族経営の強み,,
シーン,①セリフを考える（ライティング）,
1,「所詮家族でやってるお店やろ？」って思われてるうちはまだ武器にできてません,
2,毎日一緒にいるからこそ家族のすごさに気付かなくなってませんか？,
3,「仕事やから仕方ない」って強みを活かすどころか消してるかもしれません,
4,それ他のお店にはない最強の土台ですよ,
5,一番の強みを当たり前って片付けてるうちに他のお店に追い抜かれていきます,
6,"本音は伝わってるつもりで
伝える努力をサボってしまってることありませんか？",
7,僕も家族と一緒にやってるからこそ「言わんくてもわかるやろ」で何回もぶつかりました,
8,家族やから放っておいても通じるなんてことはありません,
9,家族経営って信頼関係作りに時間がいらん最強の経営形態です,
10,他の店には真似できない家族やからできる経営も存在します,
11,"一般の店舗はまず「信頼づくり」から始めますよね？
でも家族はそれが最初からあるんです",
12,"たとえば1日休むって言ったとき相手が信用してくれる前提って
これ実はすごいことなんです",
13,"でもうまく家族経営を武器に出来ていない方
ちゃんと強みにするコツは「強みを言語化して共有すること」です",
14,たとえば連携が強さが発揮されてるのはどんな時かまで言葉にしてみる,
15,感覚でやってきたことを言葉にするだけで見えるようになります,
16,"家族やからこそ感覚を言葉にする
その一歩が武器にするためのスタートです",
17,まずは今日家族で「うちの強みって何やろ？」って1つだけ話してみてください,
,,
ネタメモ：飲食経営に感情は要るのか？やりがいだけでは勝てない時代,,
シーン,①セリフを考える（ライティング）,
1,飲食店経営は「やりがい」や「想い」では潰れます,
2,毎日頑張ってるのに、なぜか売上は横ばいのまま,
3,"その原因
感情で経営判断してるからかもしれません",
4,経営は「好き」や「想い」じゃ数字にならないんです,
5,"「想いはあるけど利益が出ない」まま続けて
気が付いたら閉店の2文字が見えてくる",
6,売上や利益の話になるとなんとなく避けてしまう自分いませんか？,
7,僕も昔数字の話になると「なんか苦手」で後回しにしてました,
8,でも逃げてたのは数字じゃなくて現実だったんですよね,
9,経営って感情と分けて考えた方がうまくいくんです,
10,今日のリールでは気持ちだけに頼らず仕組みで安定させる方法を紹介します,
11,経営が気合い頼りやとそのうち心も体も限界を迎えます,
12,,
13,感情を否定するんじゃなく数字で支えることが必要なんです,
14,"たとえば毎月1回
「売上・人件費・原価」の3つだけ見直してみてください",
15,最初は難しくても数字に触れるほど判断はシンプルになります,
16,経営って情熱で動き数字で守るものなんです,
17,"まず今日だけでもいいので「売上」「人件費」「原価率」の3つを手書きでノートに出してみてください
数字に触れる癖から経営は変わり始めます",
,,
ネタメモ：撤退しない店舗作りのための「最初の一等地」より、「最後に残る一席」の選び方,,
シーン,①セリフを考える（ライティング）,
1,一等地にお店を構えると潰れます,
2,毎月の家賃が重すぎて売上はあっても利益が残らん,
3,立地に救ってもらおうとするほど現場が疲弊していきます,
4,立地は武器だけじゃなく足かせにもなるんです,
5,"家賃のために営業時間を伸ばしてスタッフは辞める
気づけばあなたひとりが店に立ち続けることになります",
6,物件探す時も他の条件より「とにかく立地優先」で決めてきたことありませんか？,
7,「ここなら人が来る」って期待だけで契約した人実は多いんです,
8,でも通行人が多いだけでFLRが合わなければ意味がないんです,
9,飲食経営に必要なのは始めやすさじゃなく生き残りやすさです,
10,このリールでは立地を「家賃」だけじゃなく「FLR」で見極める視点をお伝えします,
11,最初に注目される立地と何年後も必要とされ続ける立地はまったく違います,
12,たとえば渋谷の交差点と地元で愛される定食屋どっちが残ってますか？,
13,生き残る店は立地を「家賃」じゃなく「FLR」で見てます,
14,FLRとはフード・レイバー・レント（食材・人件費・家賃）のバランスのこと,
15,いくら一等地でもFLRが70％を超えてたら利益はまず残りません,
16,立地は「高いか安いか」じゃなく「利益が残る範囲か」で選ぶべきです,
17,"物件を探す時は家賃じゃなく「FLRで利益が出るか？」まで必ず計算してみてください
その視点があなたのお店をちゃんと残るお店に変えてくれます",
,,
ネタメモ：繁盛してる風に騙されるな　1日100人来ても、潰れる店がある理由,,
シーン,①セリフを考える（ライティング）,
1,あの繁盛がなぜ閉店に追い込まれるのか知ってますか？,
2,"お客様は多いのになぜかお金が残らない
そんなお店多いですよね",
3,売上があっても経費でマイナスになってるんです,
4,どれだけお店が忙しくても経営は経費全体のバランスが崩れてたら潰れます,
5,"売上はあるのに赤字が積み重なっていく
気が付いたら手元に残るのは借金と疲労だけです",
6,"「こんだけ忙しいんやから大丈夫」って
最近ちゃんと利益を見た記憶ありますか？",
7,売上あるのに口座の残高が増えてないこと薄々気付いてますよね？,
8,でも忙しさに紛れて考える余裕すら奪われてるんです,
9,忙しいお店＝うまくいってるとは限りません,
10,賑わってるのに閉店する店の共通点がちゃんとあるんです,
11,スタッフも自分も疲れてるのに手元に何も残らないお店,
12,たとえば1日100人来てもFLR80％じゃ残りませんよね？,
13,結局月末に何が残ってるかだけが経営です,
14,領収書じゃなく口座の残高と向き合ってみてください,
15,FLRだけと思ってたら大間違いで水道光熱費や廃棄もじわじわ効いてきます,
16,お金が残ってる店は日々の支出を見える化して小さな赤字を潰してます,
17,"明日から1週間「何にいくら使ったか」だけでも紙に書き出してみてください
気付かなかった消えてるお金が見えてきます",
,,
ネタメモ：マクドナルドから真似すべき戦法,,
シーン,①セリフを考える（ライティング）,
1,マクドの利益って実はハンバーガーじゃなくてポテトなんです,
2,ハンバーガーって入口商品でお客様を呼び込むためのきっかけです,
3,でもそこで終わらせず絶対と言っていいほどポテトとドリンクの注文を取れるように作ってます,
4,単品じゃなくセットで買ってもらってるから儲かるんです,
5,"マクドはLセット1つで数百円の利益が出るように組まれてます
でもあなたのお店はどうですか？
 単品ばかりで回せば回すほど消耗してませんか？",
6,メニューごとの利益最後にちゃんと見直したのっていつですか？,
7,原価も手間もかかるのになぜか一番売れてるメニュー思い当たりませんか？,
8,「もうちょっと考えなあかんな…」って分かってるのに後回しにしてきたんですよね,
9,マクドはまとめて出すことで1オーダーで利益を取りきってます,
10,注文が入るたびにどれだけ残るかを考える習慣を話します,
11,料理を出すたびに実は利益が減ってるとしたらどうしますか？,
12,"たとえば大盛り無料のサービス
出すたびに赤字になってないですか？",
13,利益を出してるお店は単品じゃなくセットで取れるメニュー構成にしてます,
14,"たとえば原価が安くて出数が多いメニューと
利益が出る一品を一緒に出してます",
15,おすすめは「注文が入ったら必ず一緒に頼まれる組み合わせ」を作ること,
16,利益が残ってる店は商品じゃなく売り方を変えてるんです,
17,「回してるだけ」の毎日から「残るための一手」を持つ毎日に変えていきましょう,
,,
ネタメモ：始めるより、撤退が上手い店が勝つ,,
シーン,①セリフを考える（ライティング）,
1,飲食店は「始める」より「やめる判断」で命運が決まってます,
2,「ここまで続けたんやから」「もう少しだけ」って気持ちめっちゃ分かります,
3,でもやる気で引っ張っても赤字は止まってくれません,
4,経営は、気持ちより数字を優先するものなんです,
5,売上が足りんままズルズル続けて気づけば借金だけが残ります,
6,撤退って聞くだけで思考が止まりそうになる感覚ありませんか？,
7,撤退ってなんか負けとか恥って感じてしまうんですよね,
8,でも無理を続けた結果の破産の方がもっと取り返しがつきません,
9,続ける判断よりやめる決断のほうが難しいんです,
10,もしもの時「勇気を持って引くこと」がどう経営を救うかを解説します,
11,たとえば月30万の赤字を半年続けると180万が消えていきます,
12,もしそのお金を使わずに撤退していれば次の一歩が踏み出せていたかもしれませんよね,
13,大きな赤字が出続けてる月が3ヶ月続いたら一度止まって見直すこと,
14,家賃や人件費を引いて「毎月いくら残ってるか」をまず数字で出してください,
15,そこから続ける選択も撤退する判断も冷静に比べてください,
16,決断するのは勇気じゃなく事実を見た人間だけです,
17,"もう一度全経費を見直し
毎月いくら減ってるかを自身が把握できるように紙に書き出してみてください",
,,
ネタメモ：オーナーしか作れない属人料理,,
シーン,①セリフを考える（ライティング）,
1,"「この料理は自分にしか作れない」
そう言ってる時点でもうそのお店の未来は詰んでるかもしれません",
2,忙しい時ほど自分がキッチンに入らんと回らんわって日何回ありましたか？,
3,他の人に任せると味や盛りつけが気になって結局自分がやる,
4,でもそれって料理が強いんじゃなくて仕組みが弱いってことなんです,
5,"自分が体調を崩しただけで店が止まる
休みも取れずに家族の時間も削ってきたのに
いざ動けなくなった瞬間お客様も離れていきます",
6,"「マニュアル作らな」って思ってるのに
いざ調理任せるとクオリティが気になって結局自分で全部やってませんか？",
7,"他人に任せて味がブレるてクレームになるぐらいなら
自分でやる方がマシって思っちゃいますよね",
8,でもその考えが自分をずっと抜け出せない現場に縛ってるんです,
9,料理ができることとお店を回せることはまったく別のスキルです,
10,「任せても味が保てるお店」に変わるためには何から始めたらいいか考えたことありますか？,
11,"料理があなたの手でしか再現できないなら
それはサービスじゃなく作業です",
12,たとえばレシピはあるのに分量は感覚だけで伝えてたらどうなりますか？,
13,まず誰が作っても同じ味になるチェック項目を作ることが重要です,
14,"たとえば味付けなら〇〇g
〇〇分加熱みたいに感覚じゃなく数値で書き出しましょう",
15,さらに盛りつけも写真で残して自分の目じゃなく誰が見ても分かる形にすることです,
16,オーナーの勘を現場に残せるかどうかこそが任せられるお店になる分かれ道です,
17,"まずは一番よく出る料理1つだけでいいので
分量・加熱時間・盛りつけ写真まで全部紙に見える形にしてください",
,,
ネタメモ：一見客で回す飲食はいつか潰れる,,
シーン,①セリフを考える（ライティング）,
1,一見客しかいないお店は長続きしません,
2,「今月は集客うまくいったわ」って安心してませんか？,
3,"SNS・チラシ・広告
とにかく新規を追い続けてますよね",
4,でもそのお客様来月も来ますか？,
5,"一見客頼りのままやと売上はいつも初回分で止まります
それやと未来の売上が積み上がらんくなりますよ",
6,ほんまは来てくれたお客様が次来てくれてるか把握できてないですよね？,
7,現場はちゃんと忙しいのに月次締めでは毎月同じ不安が残ってませんか？,
8,また来たいって言わせる力が全然育ってないんです,
9,せっかくお客様入ってくれてるに2回目来る理由がなかった場合静かに去っていかれます,
10,常連のお客様が1人いるだけで来月の売上は0スタートじゃなくなるんです,
11,"集客だけのお店は広告が止まれば売上も止まる
常連がいるお店は紹介も口コミも自然に生まれる",
12,"リピーターのいないお店は毎日が初対面の勝負しないといけません
常連がいるお店は信頼の貯金で回す経営なんです",
13,リピーターを作れないお店は売上が毎回リセットされるの不安で仕方ないですよね,
14,"まずはまた来るきっかけを仕込んでください
メニュー・会話・導線
どこかに「次」を入れてますか？",
15,"1週間に1回常連向けトークを現場で必ず使ってください
「また金曜空いてたら来てくださいね」だけでも変わります",
16,"忙しくてそこまで気が回らなかったわって方
1回の価値を上げるだけで将来の経営が大きく変わります",
17,リピートがないのは決してお客様のせいじゃないんですよ,
,,
ネタメモ：スタッフが辞めるのは、給料のせいだけじゃない,,
シーン,①セリフを考える（ライティング）,
1,"給料を上げても、スタッフは辞めます
極論に聞こえるかもしれませんがこれは現実です",
2,上げたのに辞められたんやけどなんで？って思ったことないですか？,
3,頑張って評価制度を整えて昇給も反映したのに,
4,でも辞めた理由は「給料」じゃないんです,
5,"給料上げても感謝されへん
評価も届かん
最終的にスタッフが静かに辞めていって
最後には「何のためにやってんやろ」って社長が疲弊します",
6,"最近スタッフからの報告・相談減ってません？
それ辞める前兆かもしれません",
7,"給料で繋ぎ止めようとして失敗したことある経営者は多いんじゃないですかね？
これは実際僕もありました",
8,「どうしていいかわからん」って…あの頃は何が正解か分からんかったんですよね,
9,でもこの「わからん」を放っといたら現場は壊れていきます,
10,このあと話すのは「なんで辞めるかわからん」ってモヤモヤにちゃんと名前をつける話です,
11,給料は満足を生んで、定着を生むのは関係性と未来の約束です,
12,"給料ってコンビニ弁当みたいなもんで手っ取り早くお腹満たされても
あったかい手作り弁当には勝てないです
人も同じで気持ちで繋がってるかが大事です",
13,リクルートの調査ではスタッフが辞める理由の約60.3%は給料以外と出ています,
14,"また厚労省の調査では辞める人の多くに共通しとるのはこの4つがある場合
3ヶ月以内の離職率は60%以上と言われています
①感謝されてない（≒心理的報酬の欠如）
②成長できてないと感じる（≒内発的動機の枯渇）
③入社初期に放置されてる（≒オンボーディングの欠如）
④誰にも相談できない（≒心理的安全性の不足）",
15,まずは辞めない理由をお店で作りましょう,
16,"方法は
感謝や承認が仕組みとしてある→週次フィードバック
成長を感じられる見える化→キャリアロードマップの作成
入社90日間の定着サポート→これで定着率改善した実例もあります
相談できる関係性が育ってること→メンター制度やバディ制度",
17,"これがあると辞めないどころか
誰かを連れてくる組織になります",
,,
ネタメモ：地域密着型店舗の落とし穴,,
シーン,①セリフを考える（ライティング）,
1,「常連さんがいる＝安定」って思ってるならゆっくり終わりの階段下ってます,
2,うちのお店は地元密着型で人に支えられてるから大丈夫って思ってませんか？,
3,"メニューも変えてない、SNSはほとんどやってない
しかも店内の空気も常連向けになってへん？",
4,それ新規のお客様からしたら入りづらい空気なんです,
5,"飽き、引越し、高齢化などで常連さんはいつか来なくなります
新規は「入りづらい店」認定した瞬間二度と入らへん
気づいた時には店は静かに終わりかけてる
でももうその時には立て直す体力は残ってないはずです",
6,「最近あの常連さん…来てへんよな」って思い当たる人いません？,
7,"僕がコンサル入ったある店のGoogleにこんな口コミついてたんです
「常連対応ばかりで初めて来た客には冷たかったです」★1
それ見た瞬間「このままじゃ潰れる」って思いました",
8,"でも今までのを変えたら常連さんが離れるかもって怖いのもわかる
でもそれ以上に未来のお客様が消える方がかなり危険なんです",
9,"地域密着型店舗は、今を守ることと未来をつくることは両輪で回さなあかん。
どっちか欠けたら店は潰れます",
10,常連に甘えず「未来の常連」を育てる方法をちゃんと説明します,
11,"常連ばかり見てる店は顔見知りで固まった居心地のいい空間
未来の常連を育てる店は初めての人がまた来たいと思える空間",
12,"どっちも一見良さそうに聞こえますよね
でも安心は常連を呼ぶけど
配慮は新しいお客さんを連れてきます",
13,未来の常連はこっちが迎える準備をしてないと二度と来てくれないです,
14,"今日からできることやと新規のお客様に最初のひと声で「初めてですか？」と歩み寄ってください
そのひと声だけで「歓迎されてる」って感じてもらえます",
15,"その上で僕がおすすめしたいのが指南書メニューです
メニューの最初のページに「はじめての方へ｜迷ったらこの3品」って載せてみてください
スタッフがそのページを開いて案内するだけで
初めての人が「この店なんか親切やな」「また来たいな」って自然に感じられるます
これが未来の常連を育てる種です",
16,"初回来店の満足度が上がると次につながる確率って一気に上がるんですよ
だから初回対応はほんまに大事です",
17,"とはいえお客様の不安をほぐすのはメニューより先にあなたの言葉です
今日お声がけから始めてみてください",
,,
ネタメモ：開業3年以内に潰れる飲食店の共通点「自己流」は99％破滅の道,,
シーン,①セリフを考える（ライティング）,
1,自己流のお店は99%潰れます,
2,開業したての頃って自分のこだわりで勝負したくなりますよね,
3,"SNSで「これめっちゃ美味しいです！」って自分の好みだけで発信して
メニューも何となく好きなものばっかり並べてませんか？
それぜんぶプロダクトアウトです
",
4,自分がいいと思うだけではお客様にお店の良さは伝わりません,
5,"好みで固めた料理が売れへんわ理由も分からんわ
でも味は間違ってへんはず、で思考停止
そのまま3ヶ月、半年……気づいたら赤字の沼にハマるのが関の山です",
6,「なんで向かいのあの店、普通の料理やのに人気なんやろ…」って思ったことないですか？,
7,僕も現場で料理やってた頃は「料理さえ美味しければ売れる」と思ってました,
8,でもそれって「お客様にどう届いてるか」を考えてなかっただけでした,
9,料理がうまいのは大前提でお客様が食べたいものを出してるかどうかが重要です,
10,今日はこのプロダクトアウトとマーケットインの違いを経営視点で話します,
11,"プロダクトアウトは自分の出したいものをベースに料理を決める考え方で
マーケットインはお客さんの欲しいものから逆算して料理を作るやり方です",
12,"プロダクトアウトやと売れん理由が見えへんから
「料理を変える」「価格を下げる」って迷走しがちです
でもマーケットインやと何が原因かがちゃんと見えるから改善点が明確です",
13,経営って「誰に、なんで選ばれるか」がわかってるかどうかでぜんぜん変わるんです,
14,"味にしか目が向いておらず、メニュー名が自分視点のこだわり満載
その上選ばれる理由を言語化できてない
これ自己流で開業した人の9割がやって失敗しています",
15,「この料理誰のため？」って自分に問いかけてみて選ぶ理由が浮かんだらマーケットインのスタートです,
16,"最初は「お客さんの気持ちなんてわからん」って悩むかもしれません
でも1人に刺さる料理を意識して商品開発してたら「それめっちゃ美味しそうやん」って反応が返ってくる瞬間絶対あります
その一言が次の商品を変えるきっかけになります",
17,迷ったらまず「誰のための一皿か」を自分に聞いてみてください,
,,
ネタメモ：オーナーが現場に入る店 vs 入らない店　本当に利益が出てるのはどっち？,,
シーン,①セリフを考える（ライティング）,
1,社長は現場に入るな！って散々言ってますが、今日はもう少し深掘りしましょう,
2,まだ「自分が一番売上を作れる」って思ってませんか？,
3,でも売上を作るための仕組みづくりが止まってるならそれは逆効果です,
4,目の前の売上を作ってるうちは未来の利益は育たないです,
5,"いつまで経っても社長だけ忙しい店になって
採用も教育も改善も全て止まる
気づいたら「伸びない理由」が全部社長が原因になってる
なんて将来は嫌ですよね？",
6,正直僕も最初は全部自分で見てないと不安だったタイプです,
7,ほんまはスタッフ信じて任せたいけど「もしミスったら…」って考えるとゾッとしますよね,
8,"現場を回すのは社長の本当の仕事じゃないです
店が勝手に回る状態を作るのが経営者の仕事です",
9,,
10,"でもその間誰も育たんかったんですよ
数字も伸びんかったんやけど
やっと原因が分かったんです",
11,"現場に立ってるうちは売上は自分の労力で生まれるんです
働けば働くほど数字はつくけど体力が尽きた瞬間にその売上も止まってしまいますよね",
12,"でも現場から一歩引いて「人と仕組み」で回る状態をつくれたら
自分が動かなくても利益が積み上がるほんまの経営に変わるんですよ",
13,"現場に入ってしもてる社長は自分が歯車になってる機械
経営者は歯車を設計しなおす設計者です",
14,"現場に入ってるとスタッフ育たへん
オーナーが倒れたら売上も止まる
思考・戦略・仕組み作りが後回しになる",
15,"まずは自分がいなくても売れる1日を作ってみてください
売上より仕組みが利益をつくる日が来ます",
16,一歩引いたら見える景色が変わるので「育つ現場」に変わったとき利益は自然と伸びていくようになります,
17,"今日自分が店に立たないとどうなるかあえて試してみてください
それが経営の第一歩です",
,,
ネタメモ：最強の戦略は凡事徹底,,
シーン,①セリフを考える（ライティング）,
1,飲食店経営上手く行かせたい人、凡事徹底ですよ,
2,スタッフも頑張ってるのに売上だけが下がってるあの焦り経験したことないですか？,
3,"メニューも改善したし接客も指導したしSNSも更新してる
それでも売上が横ばいなときイライラしてまうわな",
4,でもその圧が凡事の質をどんどん崩してるかもしれません,
5,"急がせた分だけ盛りつけが雑になる
焦らせた分だけ笑顔がなくなる
怒鳴った次の日スタッフが一人辞める",
6,"スタッフに「気を抜くな」って言ってるとき
一番基準がブレてるのは自分かもしれません",
7,"僕もお恥ずかしい話
声を荒げることでマネジメントしてました",
8,でも本音では「うまく育てられてない自分」が一番悔しかったんですよね,
9,凡事を徹底するって「誰でもできることを誰よりも続ける」ことです,
10,"今日はその凡事
特にQSC（味・接客・清潔）のどれかが崩れたとき
店がどう傾くか
どう立て直せるかを話します",
11,"売れるお店は「味・接客・清潔感」にバラつきがなく
売れへんお店はこの3つのどれかが日によって崩れてます",
12,"飲食店経営って車の運転と一緒で
エンジン、ハンドル、ブレーキどれか一個でも壊れてたらまっすぐ走られへんわな",
13,"QSCは基礎の徹底
凡事徹底とは「普通のことを、異常なレベルでやり続ける」ってことです",
14,"味は感覚で出してるから人によって違う
忙しい日は接客を後回しにしてる
掃除の判断が「見た目」で終わってる
",
15,"今日からやってほしいのは、「全スタッフで共有できるQSCの定義」を言語化・定量化することで
基準がズレたままやと誰も本気で改善できません",
16,"実は派手な改善よりズレを整えることの方が難しいんですよ
でもそれができたお店だけが安定して売上を伸ばしてるのが現実です",
17,"まずは「うちのQ・S・C、それぞれ何点？」って自分で点数つけてみてください
リーダーが整えば現場は勝手に整っていきます",
,,
ネタメモ：飲食店経営は数字が全て　でも数字の裏には人がいることを忘れるな,,
シーン,①セリフを考える（ライティング）,
1,数字の裏には人がいることを忘れてはいけません,
2,"「数字が大事なのは分かるけどなんか最近現場がギスギスしとるな…」
そんな空気感じたことないですか？",
3,まさか売上が下がるたびに現場スタッフに詰めてへんよな？,
4,それ数字は見てるけど「人の声」は見落としてるかもしれません,
5,"数字だけで現場を動かすとやらされ感が広がります
スタッフは顔で笑って心は離れていく
そのまま続けたら数字は一時的に伸びてもチームは壊れますよ",
6,「数字出すため今月だけ頑張ってくれ」って言った時点でその職場はもう未来を失ってます,
7,"というのも実は僕も昔数字しか見てへん時期がありました
これは過去の自分への戒めも込めて話します",
8,"ごりごり数字追っかけてるある夜スタッフの1人に辞めたいって言われました
数字だけを追って人の想いを置いてけぼりにしてたのは自分でした",
9,"飲食店って人が笑って初めて数字が伸びるんですよね
その当たり前を忘れてしまってました",
10,"確かに数字は大事
でも人が動いてこそ意味があるというのを忘れないでください",
11,"数字だけを追う現場は結果だけを評価して
人を見てる現場は「行動」や「変化」といったプロセスもちゃんと見てるんです",
12,"数字は料理の完成写真みたいなもんで
そこに辿りつくまでの仕込みと手間を見落としたら再現はできませんよね",
13,"売上も利益も全部「人の想いの積み重ね」でできてるって気付かされました
人を見ずに数字だけ見たらそれは経営じゃないです",
14,"売上が悪い日ほどつい誰かを責めてしまう
月の数字が未達になると急にミーティングの当たりが厳しくなる
よう頑張ってくれてるスタッフにも「もっとやれ」しか言えへん
それ現場の空気を悪くしてるのはもしかしたらあなたかもしれませんよ",
15,"数字はあくまで問題を見える化するためにあって
経営自体は「人の心の中」にあるんです
だからこそ数字を見たら必ず対話から始めてほしいです",
16,"厳しい売上を見ても一緒に悩んでくれる言葉があったら
現場って踏ん張れるもんです",
17,"今日売上より先に誰かの頑張りを見つけて声かけてあげてください
数字が育つのはそのあとでいいじゃないですか",
,,
ネタメモ：誕生日よりも水曜日を狙え,,
シーン,①セリフを考える（ライティング）,
1,誕生日よりも水曜日を狙え,
2,「せっかくお祝い対応したのに、リピートされへん…」って感じたことない？,
3,これはハレの日を取るよりケの日に選ばれる店が一番強いんよ,
4,"ハレの日ばっかり狙ってると毎回来店の理由を用意せなあかん構造になってません？
",
5,"お祝い利用が増えるほど接客のプレッシャーも増えるわ
ほんの小さなミスが「もう行きたない」に直結するわ
リピートされんくてイベントだけに依存してしまう
結果販促疲れと現場のストレスが溜まっていくのがオチです",
6,"「うちはキラー商品があるから大丈夫」って思ってる店ほど
普通の水曜日にガラガラになってること多いですよね",
7,イベント月=売れるって錯覚すると次の月が毎回しんどくなります,
8,"「売上が上がるはずやのになんか苦しい」
って人は日常が取れてない証拠です",
9,"ハレの日は“誰でも取れる”。
でもケの日に「今日もここでええか」って思われるのは、難しいねん。",
10,"今日はなぜ「水曜日を取る店が強い」のか
どうやって日常に選ばれる店をつくるか
などの話をします",
11,"誕生日って年1回やけど水曜日は52回あります
日常に選ばれることが経営の安定装置になるのわかります？",
12,"イベント集客は線香花火みたいなもので一瞬は明るくてもすぐ消えますよね
でも日常の支持はろうそくのように長いんです",
13,"特別な日だけじゃなくなんとなくで来てもらえる店
それが最強の飲食店経営です",
14,"記念日には手紙も出すし演出も凝りますよね？
でもふつうの水曜日のランチで「雑やな…」って思われたらもう次はない。
日常こそお店の底力なんです",
15,"まずは「いつもの営業」を磨くことで
注文のとり方→料理の温度→帰り際の一言──全部が“また来たい”をつくってる。",
16,"誕生日は一度の成功
でも水曜日にまた来てくれるのがほんまの信頼やで
",
17,"次のランチ営業、特別な日みたいに扱ってみて。
日常を磨ける店が、最後に生き残る。",
,,
ネタメモ：人が辞めないチームの作り方　給与より信じたくなる空気があるか,,
シーン,①セリフを考える（ライティング）,
1,"人が辞めへんチームはが欲しい人
「ここで働く理由」準備してますか？",
2,"「うち悪い職場じゃないのに…」って思ってるオーナーさん多いですよね？
",
3,"育成にも時間かけて制度も整えて…
けどなぜか辞める人は止まらへんって悩んでません？",
4,それ制度や待遇の問題じゃなくて空気の問題かもしれません,
5,"新人が質問しづらい。
ベテランが気を遣って遠慮する
ミスしても言いづらい空気がある
こういう「見えへん壁」が積み重なってある日突然スタッフは辞めます",
6,"人が辞めるときって決して理由を言ってくれないんです
何も言わず気づいたら居らんくなるんです",
7,スタッフとの距離がうまく取れんくて「何かあったら言うてな」って言葉だけが空回りしてませんか？,
8,"スタッフは、声のトーンや表情、日々の行動で
「信じてええんかな」って判断してます",
9,"現場の雰囲気って店長やオーナーの背中から伝わってしまいます
結局自分が出してる空気の写し鏡が今の状況です",
10,実際の現場から学んだ「人が辞めないチームをつくる空気」を伝えたいんですが,
11,"制度だけのチームは、「会社に居る」けど
空気がいいチームは、「人のそばに居る」ということです",
12,"職場の空気感って冷暖房と同じなんですよ
快適にしようと思ったらこまめに温度調整せなダメですよね？
放っといたらただ不快なだけです",
13,"辞めた理由は聞けても
「続けたくなる理由」は空気でしか伝わりません",
14,"誰かが無理してても声をかける人がおらん。
笑顔が減ってても誰もツッコまん。
その空気の中での制度や理念はただの文字の羅列に過ぎません",
15,"空気は日々のふるまいでしか作れないけど
「目を見て挨拶する」「ありがとうを口にする」たったそれだけでもチームは変わります",
16,"待遇じゃなくて空気で居場所を決めるて
その空気が信じたくなるかどうか",
17,まずは今日スタッフの顔をちゃんと見て感謝を伝えてみてください,
,,
ネタメモ：開業してから考えるな　今いるお客さんの視点から逆算しろ,,
シーン,①セリフを考える（ライティング）,
1,開業はゴールじゃないんです,
2,開業ってもっとワクワクするもんやと思ってたけど現実はこんなに反応薄いん？って思いませんか,
3,内装も、料理も、ロゴも、全部自分の世界観で組み上げたはず,
4,でもそれってお客さんが求めてるものとは限りません,
5,"こだわりがズレたままやと店は「なんとなく選ばれへん店」になります
リピートは減って単発のお客さんばっかりで
じわじわと経営が不安定になって最終的に自分の「こだわり」が足かせになるんです",
6,"自信持ってこだわりを発信しているお店ほど
お客様がそこに価値を感じてへんってことほんまに多いです",
7,"昔働いてた店でオーナーのこだわりが強すぎて
お客様から「入りにくい」「分かりづらい」って言われて誰も変えようとせんかったところはすぐに潰れました",
8,これはまさにお客様の目線がなかっただけでした,
9,"伝わらへん自己満足ほど現場を苦しめるものはなくて
想いは伝わって初めて意味を持つんです",
10,"今あなたのお店が「伝わってない」って感じてるなら
それはお客様の導線から見直すサインかもしれません",
11,"プロダクトアウトは「自分が主語」
マーケットインは「お客さんが主語」
飲食店経営で残るのは後者だけ",
12,"飲食店ってプレゼントと一緒で
相手のこと考えてない贈り物ってもらった人別に嬉しくないでしょ？",
13,大事なのは自分の想いより「お客様にどう届くか」を基準にすること,
14,"メニューの文字が小さい
注文の流れがわかりにくい
こう言われてませんか？
これって全部「自分基準」で作ったせいです",
15,"まずやるべきはお客さんの目線でお店を見ること
自分のお店を初来店のつもりで一周してみてください",
16,お客様目線で設計し直せば選ばれる店に変わっていきます,
17,"最後に決めるのはあなた自身です
本当にお店を続けたいなら誰のための店かをもう一回見直してください",
,,
ネタメモ：SNSなんて正直めんどい　でも伝える努力をやめへん理由,,
シーン,①セリフを考える（ライティング）,
1,SNSは飲食業の「名刺」です,
2,「毎日投稿は無理やわ」って思ってるあなたのその考えは正しいです,
3,"SNSから予約入らんし、フォロワーも伸びひんし、効果も見えにくい
そら投げたくもなりますよね",
4,でも発信やめたらお店存在してへんのと同じです,
5,投稿やめたら「潰れたん？」って言われる時代なんです,
6,伝えたいだけって言いながらほんまはちょっと「バズったらええな」って思ってません？,
7,投稿したあと見てくれてる人おるか不安で通知何回も見返したりしますよね,
8,"本音を言えば、「見てくれてるかどうか」で気持ちの上下もあったり
数字じゃないけど数字に揺れる自分もいて葛藤しますよね",
9,とはいえ「発信は苦手やから」で止まるなら伝える努力を放棄してるのと同じですよ,
10,SNSの投稿止まってるあなたにこそ聞いてほしいんですが続けることが自分の価値になるんです,
11,あくまでSNSは「集客ツール」じゃなくて「信頼を積み重ねる場所」,
12,"たとえば常連客に毎朝挨拶するのと一緒で
それが積もるから信頼になっていくんです",
13,SNSは向いてるかどうかじゃなくてやるかどうか,
14,写真が下手でも言葉が苦手でもいいので毎日発信してる店にはそれ相応の信頼がつきます,
15,見つけてもらうためじゃなくて「見失われないため」に続けましょう,
16,"発信って今日の売上には直結しないですが
半年後、１年後の差は歴然です",
17,"やめなければ失敗はないです
とにかく継続してみましょう",
,,
ネタメモ：人気店は「やりたくないこと」も決めてる,,
シーン,①セリフを考える（ライティング）,
1,やらへん事を決めたら人気店になれます,
2,「できること」は多いけど「本当にやるべきこと」が分からんくなってません？,
3,なんでも屋はお客様に覚えてもらえないです,
4,そのために何をやらないかを決めないといけません,
5,全部やる店はなんかどこかで見たことあるような印象に残らん店で終わっちゃいますよ,
6,"ほんまは断ったらお客様が離れるかもって不安なんですよね？
でも迎合だけで残る店はないんです",
7,僕も昔から断るのは苦手な方で何でも引き受けてました,
8,結局それ自分の店の価値を自分で安売りしてただけって気付いてからはやめました,
9,何をやらんか決めた瞬間お店づくりが始まるんです,
10,"引き算で人気店をつくる考え方はまさに情報飽和の今
現場に必要な視点です",
11,"専門店は「これが得意です」と明確やけど
総合店は「何でもあります」で印象が薄れがちになります",
12,"選ばれる店って余白があって
あれもこれもあるお店ではなく「これがある」がはっきりしてるお店です",
13,「やらへん」ことを決めるのは経営者のあなたに判断できないです,
14,それは誰かを断ることじゃなくてほんまに喜ばれることに集中することなんです,
15,器用なお店と信じられるお店どっちに行きたいと思いますか？,
16,できることを増やすよりもやらないことを決めた方が現場は整い始めるんですよ,
17,"今、何を始めるかより
何を手放すかを決めた方がお店は前に進みます",
,,
ネタメモ：料理のこだわりより、提供の仕組み　味は記憶。動線は現実。,,
シーン,①セリフを考える（ライティング）,
1,"料理にこだわる店ほどリピートされない理由って知ってますか？
",
2,お客さんは「味」に感動する前に「待たされたこと」が印象に残るんです,
3,どれだけ料理が美味しくても提供が遅ければもうマイナスです,
4,「味」より先に届くのは「印象」ということを肝に銘じておいてください,
5,提供の遅れや連携ミスがあるだけでお店はただの自己満,
6,「味は良かったのに提供が遅い」ってお客様から口コミ頂いたことあるでしょ？,
7,うちは段取り甘いかもしれんって頭では気付いてるからこそ,
8,その一言に反論できませんよね？,
9,味にこだわるならその料理をちゃんと届かせるプロでいてください,
10,"今日の内容を聞くと
お客様が覚えてるのは味じゃなく印象
という視点を持ってもらえます",
11,流れ・導線・温度管理も含めて料理です,
12,たとえば近所のお店に行って目の前に一品目が出るまで30分かかったらどう思いますか？,
13,リピートされるお店は味だけじゃなくまた来たい流れがあるんです,
14,"メニューの順番、調理の手順、スタッフの動線
すべてが味を守る流れになります",
15,お客様の「また来るわ」は美味しいの先にある快適さで決めてるんです,
16,一番大事なのはまた食べたいじゃなくまた来たいって思われること,
17,お客様が「また来たい」と思うかどうかは最後にどんな気持ちで帰ったかで決まります,
,,
ネタメモ：物価高の今やるべきこと,,
シーン,①セリフを考える（ライティング）,
1,物価じゃなくて…ぶっちゃけ心が限界なんやろ？,
2,仕入れ表見るたび、ため息しか出えへんよな？,
3,それでも今来てくれてるお客様のためって値上げを飲み込んだままじゃないですか？,
4,でもそれ、誰も幸せになれへんで,
5,"このままじゃ自分のお店の味に
自分でトドメさすことになります",
6,たぶん今も原価計算しながら「このまま続けていいんかな…」って思ってるでしょ？,
7,味は守ったけど、あなたの心は守れてますか？,
8,お客様のこと大事にしすぎて自分を後回しにしすぎです,
9,まずはお店を存続させることが一番お客様へのサービスということを肝に銘じてください,
10,そもそも値上げ＝値段だけ上げることって思ってる時点で大損してるんです,
11,値上げは伝え直しのチャンスで「意味と物語」があればお客様は納得するんです,
12,「焼き鳥3種盛り」じゃなくて「仕事帰りのあて盛り」みたいにストーリーを組み込むんです,
13,人は価格じゃなくて納得感にお金を払う生き物です,
14,カテゴリを再設計してメニュー名を言葉で彩るだけで客単価+500円が自然に上がります,
15,今僕が関わってる店舗でも「値段上げたいけど実は怖くて」って悩んでる人ほんまに多いんですよ,
16,値上げするなら、価格じゃなく体験価値の設計から始めてみてください,
17,値段変えたいなら金額いじる前にまずメニュー表です,
,,
ネタメモ：集客に即効性を求めてはいけない,,
シーン,①セリフを考える（ライティング）,
1,インスタ広告使うと集客できなくなります,
2,今すぐ集客したいって焦って打ったインスタ広告,
3,それ刈り取り型集客やから何も残らんで,
4,まさか再生数やフォローが伸びて満足してないですよね？,
5,マーケティングを短期目線で見ると一生長期の集客はできません,
6,たぶん今も広告やめたら不安になって「また出さな」ってループやろ,
7,僕も昔いたお店で月数万円広告出してリピート0人でした,
8,そもそも広告で来た人って最初からあなたのお店を目的に来たわけじゃないんです,
9,まずは選ばれる仕組みをこっちが作らなダメです,
10,今日は、即効性と持続性を繋げる仕組みの話をします,
11,"大前提、即効性のある広告は悪いわけではなくて
単発でしか動けへんお店側に問題があるんです",
12,"土作りして、種蒔いて、水やって、芽が出て、育っていく
この流れは変わらんのに、あなたは小さい芽をどんどん刈り取ろうとしてるんです",
13,"信頼は育てるものです
本当の集客に即効性は求めてはいけません",
14,ただ刈り取り型集客は売上になるし現金が欲しいときは武器になるのは確かです,
15,でもそれを続けるあなたはいつか広告依存症になります,
16,今のあなたがしんどいのは集客が下手なんじゃなくてリピートさせる仕組みがないだけ,
17,"今日からお会計時に「LINE登録してくれたらドリンク1杯無料です」とかのお声がけ実施してください
その積み重ねがリピートに繋がります",
,,
ネタメモ：アルコール出ない問題,,
シーン,①セリフを考える（ライティング）,
1,お酒の消費量、一人当たり何ℓか知ってますか？,
2,1992年には一人当たり年間約102ℓあった消費量が2022年には75ℓに減少してます,
3,"僕はお酒大好きですし、よく飲むんですが26％も減少してるらしいんです
（ビール飲むシーン入れる）",
4,いや、若者も飲まんかい！とは言えないので,
5,ノンアルコールや低アルコール飲料の充実をさせましょう,
6,経済的に、健康的に、そもそもアルコール好きじゃない色んな理由がありますが,
7,ノンアルコールや低アルコールを適当にしている店舗多すぎます,
8,例えば、フルーツを使ったノンアルカクテルは見た目も華やかで女性ウケ抜群です,
9,最近ではモクテルといってノンアルコールのカクテル市場も確立されています,
10,アルコール以外のドリンクメニューを充実させて新たな顧客層を獲得できるとしたらやらない理由はないですよね？,
11,今までお酒が飲めないが理由で取りこぼしてた層も来てくれるとなると売上も変わってきますよね,
12,時代の需要に対応することも飲食店経営の成功の鍵です,
13,このようにデータを活用して戦略的にメニューを構築しましょう,
14,ノンアル・低アルコールメニューの提供がわからないって方,
15,メニュー開発もお手伝いできますのでいつでも僕にDMください,
16,「アルコールは売れへんわ」って諦めてしまう前に、時代の変化に一歩踏み出してみてください,
17,僕はその挑戦に全力で協力します,
,,
ネタメモ：飲食店がキッチンカー参入で儲からない理由,,
シーン,①セリフを考える（ライティング）,
1,誰がキッチンカーは楽って言った？,
2,キッチンカーは儲かる！って思ってるなら、まずこの数字見て欲しいんやけど,
3,"30食×単価1,000円＝売上3万円
天気悪けりゃ売り上げも半減",
4,そこから仕入れ、燃料、出店料、移動費、全部引くと…利益ほぼゼロやで？,
5,売上の足しにしたいって安易に初めて結局車庫で眠ってる店舗ごまんと見てきたわ,
6,ここまで言っても「ウチの看板商品ならイケるかも」ってまだ少しワクワクしてませんか？,
7,"僕も昔それで大失敗しました
これは売れる！って最初は正直期待してました",
8,でも蓋を開けてみたら1日売上1万円…なんてことも,
9,キッチンカーは売れるかどうかより、勝ち方を先に決めとかないといけません,
10,そのためにキッチンカーが難しい6つの理由を一気にお伝えします,
11,"①高単価商品が売りづらく売上の天井が見えやすい
②天気と立地に完全依存してしまうため雨恨みがち",
12,"③車体・発電機・出店料…と初期費用と維持費が想像以上に重い
④仕込み・移動・片付けで1日の時間拘束は店舗を回すのと変わらず一人で回すのは地獄",
13,"⑤ブランドが蓄積しづらくSNSやGoogleでリピーターを育てられへん
⑥エリアごとのルールがあったり県を跨ぐ際の規制など実は面倒が多い",
14,"だからこそ、商品設計と役割の明確化が鍵
かき氷やビールなど利益率と回転率が両立する商品を選ぶ必要があります",
15,さらに、何のためにキッチンカーを経営するか明確にしないと途中で諦める羽目になります,
16,それでもやりたい方はブランド認知？販促？テスト販売？それによって戦い方は変わります,
17,本気の方はまず自分の料理を売り出すのではなく戦略的な商品選びから始めましょう,
,,
ネタメモ：無意識のクセが命取り（所作は人格、ふるまいはブランド）,,
シーン,①セリフを考える（ライティング）,
1,所作は人格、ふるまいはブランドです,
2,ちゃんと接客してるのに、なぜか評価低い方,
3,それ原因は無意識の癖かもしれません,
4,"と言われても気付かないですよね
無意識ですし",
5,"教育者であるあなたも本人すらも気づいてない非言語のノイズなんです
お皿置くときのガチャンって音、発声が聞き取りにくい、歩き方がシュッとしてない
全部お客さんは見てるんです",
6,「この子、何が足りひんねんやろ」って何度も頭の中でぐるぐるしてませんか？,
7,僕も現場にいた頃、良い子やのになんかお客さんが離れていくスタッフいました,
8,「もしかしたら自分の教え方が悪いんかな？」って自分を責めて勝手に落ち込んだ日もあります,
9,でもそれその子が悪いわけでも、あなたが悪いわけでもなくて見えてなかっただけなんです,
10,今後悩まされないために無意識の癖がどれほどサービスに影響してるか4つの軸で解説します,
11,"①顧客心理
人は所作の印象で評価・判断してます
どんなに丁寧な言葉でも、目線や手元がズレてたらそれだけで“冷たいって思われるんです",
12,"②接客品質
癖のある子が1人いると店全体の接客基準が下がります
これは人は真似て学ぶ特性があるため癖は習慣になり文化になります",
13,"③チームの空気
無意識のイライラ所作は空気を壊します
言葉より背中で伝わってしまうんです",
14,"④ブランド力
人の所作こそが記憶になります
雑な所作は忘れられ、丁寧な所作は記憶に残ります
商品ではなく人を記憶されるお店は、長く強いブランドになるのでおさえておきましょう",
15,そうは言っても無意識や癖は治せへんやろって諦めるのはまだ早くて,
16,【見える化→意味づけ→型→空気】の順番で治すことです,
17,気合いや根性で治そうとせずに本気で困ってる方は僕にDMで聞いてきてください,
,,
ネタメモ：ぶっちゃけ飲食店の成功は立地で決まるかどうか,,
シーン,①セリフを考える（ライティング）,
1,立地が良くないと勝てないなら、他の店もとっくに潰れてるはずですよね,
2,いやいや、あそこはもう長いからって現実から目を背けるのはもうやめません？,
3,"でもチラシも配って、値段も下げて、SNSも更新して…
って努力が報われん日々続いてませんか？",
4,実は方法を変えない限りその努力ではずっと空回りします,
5,人が来ない理由を立地のせいにしてたけど、ほんまは気づいてもらう手段を何も持ってなかったことが問題だったんです,
6,今も売上とにらめっこして「どうすれば人来るんやろ？」って考えてませんか,
7,僕も昔、商圏が遠くの立地で苦しんでたオーナーの現場にいました,
8,ただそこは来店動機を作ることに全力で費やすことで解決してました,
9,色んな人に来て欲しい、じゃなくてたった1人のコアなファンを作らないと誰にも届かないブランディングになっているお店が本当この立地の沼にハマります,
10,今日は悪立地でも選ばれるお店になる「明日から実践できる3つ」を話します,
11,①SNSには『誰に来てほしいか』を固定投稿に書く,
12,②Googleマップのトップに、今月の人気料理写真を3枚載せる,
13,③入り口に“初めての人が安心する言葉”を黒板で出す,
14,"まずは何より入店ハードルを下げて
お店を発見してくれた人に「あ、なんかここ好きかも」って思わせるほど尖ること",
15,最近面白いなって思ったのが「身長〇〇センチ以下の飲食店」って謳って天井を低くしてるところもありました,
16,"今までの努力が決して無駄だったわけではなく
もっと鋭利なマーケティングをしていくことが重要です",
17,まずはあなたのお店にしかない「〇〇」を見つけ出してください,
,,
ネタメモ：閉業率が高く絶対に選ばない3つの業態,,
シーン,①セリフを考える（ライティング）,
1,「憧れ」が一番廃業するって知ってます？,
2,「いつか自分の店を持ちたい」って思ったことあるでしょ？,
3,でも僕はいくつも現場を見てきて「この業態はやらんなぁ」って思うものが3つあります,
4,それは経営の構造がキツすぎるから,
5,"まず1つ目が、ラーメン
職人の腕に売上が左右されるし、他のスタッフやと味が安定せん上に再現性が低い
せっかくスタッフが育っても基本独立希望で来るから人手不足に陥りやすい",
6,"２つ目がカフェ
単価が低い上に、回転が悪すぎる
コーヒー1杯で2時間おられたらたまったもんじゃないですよね",
7,"3つ目、テイクアウト専門
こちらも単価が低く他店舗との価格勝負になって利益が削られるだけです",
8,もちろんやりたい気持ちを否定したいんじゃなくてやるなら徹底的な戦略構築が必要です,
9,というのも「やりたい」と言う気持ちだけで潰れてる店舗を僕は何回も見てきたのでそうはなって欲しくないんです,
10,だからこの業態でも戦える解決案をお伝えするので必ずメモってください,
11,"ラーメン屋はまず、あなたがいなくても味・接客・オペレーションが同じレベルで回せる状態かどうかにこだわってください
属人化してたら休みもないし事業としても伸びません",
12,"次にカフェは基本ゆっくりしたい人が多いので
回転率を上げずに単価を上げる仕組みが必要です
ドリンクに＋300円のケーキとか2杯目半額…自然に追加される提案ができてるかを徹底的に作り込んでください",
13,"そしてテイクアウト専門店は価格勝負をしなくても「ここに来たい」って思ってもらえるブランディングがあるか
価格で選ばれる店は必ず潰れます",
14,この考えがなかったお店がどれだけ短期間で潰れたか…,
15,「やってみたい」だけじゃ潰れてしまうのが飲食の世界です,
16,"今すぐあなたが思う戦略構造を紙に書き出してみてください
それがすんなり書けへんなら開業の準備はまだ整ってません",
17,保存して何度も自分に問い返す素材に使ってください,
,,
ネタメモ：繁盛店＝「良さげな店」ではなく勝ちパターンを持ってる店,,
シーン,①セリフを考える（ライティング）,
1,流行ってる店は仕組みがあるだけで「おいしさ」じゃないんです,
2,味も接客も雰囲気もいいのになんか売上が安定しない店ありますよね？,
3,僕が見てきた繁盛店には共通して毎日やってる売上の流れがありました,
4,それが「勝ちパターン」＝毎日回せるルーティンです,
5,"この勝ちパターンの流れが
①仕組みを作る②数字で検証する③決まった動きに固定する
この3ステップで作れます",
6,"隣のあの店なんであんなに人入ってるんやろ…って思ったことありません？
それ、料理じゃなく毎日の流れを決めてるだけかもしれません",
7,"まずは人気商品を一番上に記載する・セット商品を先に表示
など売れるように構造を変えて単価を上げること",
8,"次に改善です
まず事実を見る必要があって売れた数、時間帯、注文された順番、セット率、リピート率
全部、今日の営業に出るので全部記録してください",
9,反応が弱ければ、文言を変える・写真を変える・配置を変えるなど1週間に1つずつ変えて検証すれば結果は変わります,
10,"最後に反応が良かったら変えずに固定
それが勝ちパターンの完成形です",
11,声かけ、POP、LINEの配信時間まで全てを毎日同じ流れで回せるように全ての行動をこの流れに則って経営するだけで1年後の差は天地の差です,
12,今日うまくいったことを明日も再現できるようにするだけで売上は安定します,
13,"多くの店はうまくいったことを記録せずに忘れて次の日またゼロからやってます
繁盛店は成功した流れを二度と崩さない
そこが違うんです",
14,では改めて明日からやるべきことをまとめると,
15,①再現できる日課を決めること②検証していいものは残す③ルーティンに落とし込む,
16,この3つを毎週やれば勝ちパターンは自然に完成します,
17,あなたの店も型を作る準備を今日から始めましょう,
,,
ネタメモ：人気店ほどクレーム多い理由はミスではなく期待値が高いだけ,,
シーン,①セリフを考える（ライティング）,
1,人気店になるとクレームが増えます,
2,え？うまくいってるはずなのに？って思いますよね,
3,僕が見てきた人気店ほど実はクレーム率も高くなる傾向があります,
4,決してあなたは悪くなくて「評価の基準」が変わるからなんです,
5,"無名の店は「加点式」で思ったより良いが評価されるけど
人気店は初めから「100点」を期待して来られるんです",
6,SNSやレビューの影響で勝手に作られた理想があるからこそ「減点されていく構造」なんです,
7,つまりクレームの多くはミスではなく期待との差分なんです,
8,これは「期待値バイアス」と「確証バイアス」という心理学の影響です,
9,人は「この店は絶対すごい」と思い込むと小さなズレに過敏になります,
10,"たとえば「写真よりちょっと小さい」「提供が10分かかった」
たったそれだけで星2になるんです",
11,じゃあ、どうすれば防げるかというと,
12,"ズレを先に潰すことです
混雑時間、提供時間、実物との差は事前に言っておきましょう",
13,"人気店ほど良く見せることより
ガッカリさせないを徹底しています",
14,"一番ズレが出やすいポイントを洗い出して
SNSやweb上で公開してしまう",
15,期待させない工夫というのが実は最高のブランディングなんです,
16,クレームを怒りではなく誤差として捉えると、場は一気にラクになります,
17,人気店のクレームの正体は加点式ではなく減点式にあるという理解だけで心が救われますよね,
,,
ネタメモ：世間の長期休暇に勝つ店・負ける店　イベント任せはもう通用しない,,
シーン,①セリフを考える（ライティング）,
1,長期休暇で負けた店舗は必ず見てください,
2,「人出多いから勝手に来るでしょ」はもう通用しません,
3,"GWに売上が落ちる居酒屋には10個の落とし穴があります
一気に言うのでここからは保存必須ですよ",
4,"① イベントの告知が直前すぎる　お客様はもう他の予定で埋まってますよ
② メニューがいつも通り　せっかくの連休やのに特別感がないと選ばれません
③ SNS投稿が当日ばかり　当日はもう見てないんで予約のきっかけになりません
④ 常連さんに何の案内もない　新規ばかり追って関係性を切ってしまう羽目になります
⑤ 予約フォームがない・または告知してない　空席があるのに予約が入らないへん現状を放置しすぎ
⑥ 単価を上げすぎて気軽さがなくなってる　今は使いやすさが重視されてます、わからん人は過去のリール見てください
⑦ スタッフの確保がギリギリ　対応が遅れて結果お客様に迷惑かけます
⑧ 天候の変化に対応できない　雨が降っただけで終わる集客はやる意味ない
⑨ ファミリー層に合わせてない。夜だけ営業、子連れNG、それじゃ選ばれません。
⑩ 「なんとかなるでしょ」の受け身スタイル。――この思考が一番危ない。",
5,でも逆に、これ全部ちゃんと準備してたら、確実に防げることなんです,
6,"「いや、ウチは毎年そこそこ入るし」って思ってません？
でも実は、あなた自身も内心ちょっと焦ってるんちゃいますか？",
7,"去年のGW、予約って何件入りました？
「覚えてない」ならそれがもう伸び悩む理由なんです

GWって飲食業界の期末テストです
仕組みを作ってきたお店だけが点数を取れる

逆に準備なしで突入するとどれだけ料理が美味しくても落ちます",
8,勝ってる店は1ヶ月以上前から「このGW、どの客層に、どのメニューを、どう届けるか」を明確にしてます,
9,"LINEで先に「GW限定セットあります」と告知して
常連には「先行予約5組まで」で優先席を埋めてます",
10,"SNSでは「◯日だけ空いてます」「予約はこちら」など
選ばれる理由を具体的に言い切ってます",
11,雨が降っても困らないようにテイクアウトメニューと雨の日クーポンも並行で準備してます,
12,"ここまで聞いて「やること多すぎてムリやわ」って思ったかもしれません
でも安心してください
やるべきことは3つだけです",
13,"① LINEで特典付き予約フォームを送る
② SNSでGW限定セットと空き日を毎日発信
③ 常連リストに「早割DM」or「先行予約のお知らせ」を送る",
14,これだけでたまたま来るじゃなく選んで来てもらう状態が作れます,
15,"GWは集客じゃなく「事前の選択設計」です
来年のGWはもう今の準備で9割決まってます",
16,,
17,,
,,
ネタメモ：バイトの意識が劇変する現場研修のやり方とは,,
シーン,①セリフを考える（ライティング）,
1,「また辞めた…なんで続かんのやろ」って心のどこかで自分を責めてませんか？,
2,"真面目に教えてるのに覚えてくれへん…
怒ったら雰囲気悪くなるしもうどうしたらええねん…ってなるやつですよね",
3,実はバイトが続かない理由は気持ちが動いてないからなんです,
4,"マニュアル読ませてあとは先輩の後ろについて終わり…
これやと「なぜその接客をするのか」が伝わってないんです",
5,この状態で育った子は「とりあえず指示待ちでやるだけ」になります,
6,僕も昔これで頭抱えて「頑張って教えてるのに全然響いてへんわ」って毎回悩んでました,
7,"ある時わざと新人に接客をやってもらったんです
緊張しながらも必死にやってくれて
でもお世辞にも上手とは言えない接客でした",
8,"それを見た子たちが「それイヤやな」「自分だったらこうするかも」
って話し始めた瞬間に目の色が変わったんです",
9,「あ、今この子たち頭じゃなくて気持ちで動いとる」って思いました,
10,そのあとからは言われなくても自分から声出して目配りもできるようになりました,
11,大事なのは「こうしなさい」って言う前に一回自分で気づいてもらうことをやったんです,
12,"これは明日からでもできます
まずこれだけやってみてください",
13,"① あえて接客をやらせてみる
②上手くない例と、されて嬉しい例を本人に自覚を持ってもらう
③「あなたが新人に伝えるなら何て言う？」って考えさせる",
14,これだけで「気づける子」「人に伝えられる子」が増えてきます,
15,接客って「正解を言われる」より「自分で気づいたこと」の方がずっと強く残るんです,
16,そのきっかけの瞬間は誰でもつくれます,
17,"今あなたが教えたその子が5年後に
「この仕事を好きになれたんです」って言ってる未来を作りたくないですか？",
,,
ネタメモ：夜営業で売上伸び悩んでるお店のソフトドリンクの発想が間違ってる,,
シーン,①セリフを考える（ライティング）,
1,アルコールはもう出ません！,
2,"今お酒を飲まない人ってめちゃくちゃ増えてるんです
20代女性の約70%が「基本飲まない」っていうデータ知ってました？",
3,にも関わらず夜営業のお店っていまだに「お酒が飲めない人は我慢」みたいな空気になってません？,
4,この時代にその選択肢の少なさはマジで致命傷です,
5,"飲めない人が「もう来たくない」って思うのは料理のせいじゃないんです
「居心地がない」って思わせた瞬間にその人の再来は消えてしまいます",
6,"「あ、ウチに来る2人組、そういや片方はいつも水やな…」
って思い当たる節ないですか？",
7,"確かにメニュー作る時「ウーロンでええやろ」って思いますよね
でもノンアルコールを強化しただけで来店者の笑顔も滞在時間もぜんぶ変わったんですよ",
8,飲まない人って「選べない寂しさ」をずっと我慢してるんですよ,
9,お店側がそのまま無視してたらマジで酒飲み専用の古いお店ってラベル貼られますよ,
10,今日のリールで伝えたいのは「ノンアルの一杯がお店の未来を変える」っていう話です,
11,お酒のお店＝夜営業の主役だった時代からノンアルも主役になれる時代になりました,
12,"映画も主演だけじゃ成立しないでしょ？
ノンアルって実は場を支える名脇役なんです",
13,"ノンアルは誰もが楽しめる店をつくる最強のピースです
実際に飲めない人向けに設計されたメニューを導入した店舗では
2人組の滞在時間が平均＋15分、1人あたり客単価＋数円の改善が出ています",
14,"他にもこんな改善案があります
・メニューに「ノンアル専用枠」を新設
・炭酸×和素材で「大人が頼みたくなる味」に
・POPに「飲まない人のための人気No.1」を明記する
これだけで、ソフトドリンクの注文率が1.6倍になった店舗もあります",
15,"飲まない人が「もう1杯、頼んでいいですか？」って笑顔で聞いてくれた時正直嬉しいですよね
選べるってただの権利じゃなくてお店との信頼そのものなんですよね",
16,ノンアルがあったことで話が弾んで食後に1品追加されて閉店ギリギリまで居てもらえたらその日の売上はいつもの何倍も見込めます,
17,"「飲まない人の1杯目」を、誰よりも丁寧に用意してあげてください
その1杯がこれからのお店の繁栄を支えます
",
,,
ネタメモ：意思決定と合意形成,,
シーン,①セリフを考える（ライティング）,
1,スタッフに気を使ってるうちは、一生「社長ごっこ」です,
2,「いやいや、みんなの意見を聞いてから」なんて言ってる店は絶対うまくいきません,
3,スタッフに嫌われたくないからまずみんなの意見を聞いて、なんとなく決めて結局、誰も動かへん,
4,その相談風の会議、ただの時間泥棒です,
5,誰も決めようとせん組織は、誰も責任を持たない空気が生まれます,
6,指示するのは怖い…そう思ってるあなた、優しい顔した無責任になってませんか？,
7,"スタッフと同じ目線で話した上でみんなの意見を大事にしたい
僕もそうでした",
8,でもそれ「自分が決めて失敗したくない」気持ちの現れです,
9,決められない社長に、ついてくる人はいません,
10,"「意思決定」と「合意形成」、この2つを同じものだと思ってるのであればかなりヤバいです
それ、順番が逆なんですよ",
11,"決める→伝える→巻き込む
この順番を間違えると、誰もNoを言えない地獄の店舗経営が始まります",
12,方向も目的地も決まってないバスに、とりあえず乗ってって言ってるのと同じで誰も乗りませんよね？,
13,最初に「決める覚悟」で、そのあとに「聞く余白」この順番が現場を動かします,
14,"意思決定のルールは一つ
社長が責任を背負って先に決める
たったそれだけです",
15,"話し合いは合意のためじゃなくて、納得を引き出す場であり
決まったことを理解してもらうのが社長の仕事です",
16,"頭で理解しても行動にするのは怖いですよね
でも、スタッフに嫌われへんことが目的じゃないですよね？
残したいのはあなた自身のお店でしょ？",
17,あなたがお店の舵切り担当を担うことが社長業の始まりです,
,,
ネタメモ：お客様の怒りや渇望→マーケ,,
シーン,①セリフを考える（ライティング）,
1,まだ「いいもの作れば売れる」って思ってるやろ？,
2,「商品には自信あるけど反応がない。」こんな違和感ずっと抱えてませんか？,
3,"SNSに料理写真、店内動画、キャンペーン投稿
やれることは全部やってるつもりになってますよね",
4,でもそれ、「伝えてる」じゃなくて「発信してるだけ」です,
5,このままじゃ、選ばれる理由が曖昧なまま、他の飲食店と見た目の差だけで比較されて終わります,
6,うちの強みって何なんやろって、言語化できずに止まってますよね,
7,ほんまは、選ばれる理由をちゃんと理解しておきたい,
8,それに発信もしてるんやからちゃんと見てほしい、そんな気持ちが毎日続いてませんか？,
9,"でも気づいてもらえるのを待つ店はいつか埋もれます
気づかせるのがあなたの仕事です。",
10,"じゃあどうすればいいかというと、お客様が心の中で抱えてる「怒り」や「渇望」を
言語化して、その上で解決策を「提案」するんです",
11,"「おいしい」をアピールする店と
「こういう人の悩みを解決します」と言える店
選ばれるのは、どっちだと思いますか？",
12,"たとえば「週に3回外食してるけど、どこ行っても同じ品揃え」みたいな怒りや
「ちゃんと手作りされたものを、ちゃんと出してほしい」こんな渇望
この感情にあなたのお店がどう提案できるかが重要です",
13,マーケティングとは「誰の不満に、どう応えるか」を明確にすることです,
14,"まずはこの3つを書き出してください
①お客様の怒り
②お客様の渇望
③それを自店がどう提案で解決するか",
15,"この3点セットがあればSNS投稿もチラシも届け方が変わります
あなたの言葉が刺さるようになります",
16,"「想いはある。でも届かへん」
そのもどかしさ、もう終わりにしませんか？",
17,届けるべきは商品じゃなくて誰の不満を救うかという明確な提案なんです,
,,
ネタメモ：PLは％で見れるように,,
シーン,①セリフを考える（ライティング）,
1,ぜんぶ「￥」で見てるうちは経営ではないです,
2,売上は上がってるのに、なぜかお金が残らへん,
3,数字は見てるし仕入れも人件費もちゃんとチェックしとるんやけどな,
4,って人、金額ばかり目が行ってませんか？,
5,そのままやと売上はあるのに潰れる店になりますよ,
6,利益ってどう残すねんって悩み続けてる社長は実に多いです,
7,ほんまは、どの経費をどこまで使っていいかを把握しておきたいですよね？,
8,不安なく確信持って経営したい、それが本音のはず,
9,でも金額面だけじゃなくて、今何がズレてるかが理解できず迷宮入りしてしまいます,
10,"僕もずっと金額で見て数字に振り回されてました
けどこれを比率で見た瞬間に手に取るように数字が管理しやすくなりました",
11,「売上80万で人件費30万」って見るより「人件費率38%」って見た方がブレにすぐ気付けますよね,
12,"例えば売上が10万円増えても人件費率が上がってたら儲け変わりませんよね？
金額じゃなく構造で経営を見るというのはこういうことです",
13,PLは％で見ることで経営の指針になります,
14,まずは「売上」「原価」「人件費」「販促費」「家賃」の比率を全部％で書き出してみてください,
15,基準があれば改善も判断も早くなる上に「この数字、大丈夫か？」と一目でわかるようになります,
16,"今すでに数字に振り回されてるのであれば
％で見る癖をつけるだけ経営が進むので",
17,「￥」から卒業して「％」で経営をしていきましょう,
,,
ネタメモ：カット済みの納品（肉・野菜）→歩留や人件費,,
シーン,①セリフを考える（ライティング）,
1,仕込みに追われて、現場が疲れてませんか？,
2,お客様に喜んでもらおうと凝った物作って,
3,スタッフの負担も大きくなってますよね？,
4,でも、それが当たり前だと思っていませんか？,
5,このままでは、全員の体も心も持たずにお客さま喜ばすどころかスタッフが辞めていきますよ,
6,ほんまはもっとお客様に喜んでもらいたい,
7,そのために料理に集中したい,
8,でも仕込みに追われて、全然できないなんてことありますよね？,
9,その状況変えれるとしたらどうでしょう,
10,方法はシンプルでカット済みの食材を仕入れることで仕込みの時間を大幅に削減できます,
11,その分、スタッフの負担も軽減されてお客様へのサービス向上にもつながります,
12,楽することは決して悪いことではないんです,
13,しかもカット済みの食材を導入することで歩留まりの改善や人件費の削減が可能です,
14,もちろん最初は不安かもしれません,
15,ですが実際に導入した多くの店舗が効果を実感しています,
16,プロセスにこだわるか結果にこだわるかの違いだけなんです,
17,取捨選択をして一緒により良い現場を作っていきましょう,
,,
ネタメモ：加工品を賢く取り入れる,,
シーン,①セリフを考える（ライティング）,
1,加工品を使うのはなんか嫌とかまだ言ってるん？,
2,それ「全部手作りせな」って、自分を追い詰めてるだけやで,
3,気が付いたら丁寧がただの負担になってることってありますよね,
4,それ正義感が空回りしてるだけかもしれません,
5,"その結果
スタッフが辞める→自分が潰れる→お店が回らへん
このループにハマります",
6,"ほんまは加工品使った方が楽になるし早くなるのはもう気づいてるんちゃう？
でも「ラク＝手抜き」やと思って動けへんだけですよね",
7,真面目な人ほど背負いすぎるんですよ,
8,しかも本心は別に手を抜きたいんじゃなくて「質」を守りたいだけなんですよね？,
9,でもお店を守るには何かを削ることも必要なんです,
10,そのための加工品なんです,
11,「全部自家製」より、「使い分けが上手い」方がお店としては今後は強いです,
12,包丁も火も、使い方ひとつで料理が変わるのと同じで加工品も同じツールなんです,
13,加工品はプロが賢く選んで活かすからこそ武器になるんです,
14,例えば、煮物の出汁は業務用の濃縮出汁で時短して、仕上げの風味だけ自家製にするとか,
15,それでもこだわりたいのであればPB商品（プライベートブランド）を作るという選択肢もあります,
16,「削る」「残す」「伸ばす」を整理して、加工品を組み込んでいくことが必須です,
17,"プロが使う加工品やからお店の味になるんです
料理人やからこそ、選ぶ力を養いましょ",
,,
ネタメモ：なぜ新入社員のエンゲージメントが3年で低下するのか,,
シーン,①セリフを考える（ライティング）,
1,「いらっしゃいませ」に心乗ってないスタッフいますよね？,
2,誰よりも意欲あった子が、気づけばただこなすだけになってる,
3,気づいたら笑顔もなくなって辞めそうな雰囲気が…,
4,それ若手の問題じゃなくて仕組みの問題です,
5,ようやく戦力になったタイミングで辞めていかれて結局求人の繰り返し,
6,"最近、若手と目が合わへんわ、質問もして来ぇへんわって感じてますよね？
それ若手からしたらなんとなく失敗できへん空気を感じてるんですよ",
7,怒られへんように動く子はやる気がないんじゃなくてただ怖いだけ,
8,評価されたい。期待されたい。でも怒られるのが怖い。,
9,このストレスを放っておいたら心は勝手に閉じてく,
10,実は「3年目で辞める問題」は成長じゃなくて孤独から来てるんです,
11,「指導」だけしてる会社と、「成長を感じさせてくれる」会社は3年目で圧倒的な差が出ます,
12,"まかないも味だけじゃなくて気持ちまで表れるでしょ？
育成もそれと同じなんです",
13,一緒に戦ってる感覚こそ社員のエンゲージメントの最大化になります,
14,指示じゃなく“問いかけ”を増やして「これ、自分ならどう動く？」って投げるだけでも一つの承認です,
15,"成長の実感を共有してあげて
昨日のミスを今日の糧に変えてあげることで",
16,"「あの子、また笑うようになったな」って感じるようになります
たった一言で職場の空気が変わるなら簡単に取り組めますよね？",
17,"辞めるのは、期待されてないって感じた時
人として向き合いながら心を繋ぎ続けることこそが飲食店の醍醐味じゃないですか？",
,,
ネタメモ：googleマップの口コミ=顧客体験（小手先で上げれるものではない）,,
シーン,①セリフを考える（ライティング）,
1,Google口コミ集めたら逆にお客様激減します！,
2,口コミ用のQRコードの紙貼っても増えへんわぁ,
3,ってお店はお会計時にまさか「口コミお願いします！」とか言ってへんやろな？,
4,小手先で集めた★5は中身の無い★1と同じやからな？,
5,"中身スカスカの口コミが増えても
せっかく口コミ見て来た方にがっかりさせてしまいますよ？",
6,"「口コミお願いします！」って言った時
お客様の「書いときますー」がお世辞なのもう気づいてるでしょ？",
7,口コミが欲しい気持ちはめちゃくちゃわかる,
8,"でも正直評価されたいんじゃなくて
そのお願いしてる口コミは「集客用」でしょ？",
9,"だとしたら本質が間違ってて
お客様は記憶に残る体験がなかったら書いてくれへんねん",
10,「口コミしてもらえるお店」は、お客様の期待を超えた体験ができた時です,
11,安い・早いだけのお店には★3が溜まって、感動のあるお店には★5が自然と並ぶんです,
12,料理が美味しかっただけじゃただの食事で終わってて、「誰と」「どう感じたか」まで記憶に残ってこそ体験になります,
13,口コミはお客様が得た「感動の余熱」が消えて欲しくない時につい書き留めてしまうんです,
14,"名前を呼ぶ、季節を取り入れる、一皿にストーリーを込める
そんな血の通った飲食店経営をすることが一番の近道です",
15,明日からすぐできることであれば「また来たい理由」をたったひとつだけ用意しとく,
16,「あの店、また行きたい」って思った人だけが自ら書く本物の口コミ欲しいですよね？,
17,そのために無理に集めるのではなく自店の見直しからしてみましょう,
,,
ネタメモ：POPの意味,,
シーン,①セリフを考える（ライティング）,
1,POPがない料理は、お客様にとって存在してないのと一緒です,
2,売れないのは、料理が悪いんじゃないんです,
3,"写真は載せてる、メニューにもある、インスタでも出してる
でも、お客さんにその声は届いてへん可能性あります",
4,無言の料理に、お客様は手伸ばしてくれへんよ,
5,"せっかく作った料理が冷蔵庫で眠って気づいたら廃棄
その度に「なんで出えへんねん」って心が折れそうになりますよね",
6,"「うちはちゃんとしたもん出してる」って言いたくなる気持ちめっちゃ分かります
でもちゃんとしてるだけじゃ売れへんのが現実です",
7,自信持って出した料理が、ちゃんと選ばれて、喜んでもらえる未来想像しますよね,
8,"とはいえPOPって書くの面倒やし、店内ごちゃごちゃしてダサくない？って思ってる人多すぎる
正直、僕も最初そうでした",
9,でも、書かへんかったら、その料理はずっと,
10,実はPOPってただの紙じゃなくて厨房から客席に届く唯一の営業スタッフと同じです,
11,POPのある店は料理が勝手に売れて行って、ない店はスタッフが必死に喋らなあかんくなります,
12,料理コンテストで何も説明せんとできた料理だけ出して「評価して」って言いませんよね？,
13,「こだわり」っていうのは、言葉にして初めて伝わります,
14,"「朝5時から仕込んでます」
「これは常連さんが毎回頼む一品です」
「本日限定の食材です」
と書かれているだけで頼みたくなりますよね？",
15,"何書いたらええか分からん時は作り手に聞いたらいいんです
「この料理のおすすめは？」って聞いて出てくるのを書いてみてください",
16,POPなんてやらんでも売れるって思ってた人、売れへん時に料理のせいにしないでください,
17,料理が喋らへんのなら言葉をつけてやるのが料理人の責任です,
,,
ネタメモ：ECサイト伸ばしたいなら、お客様がどんな時に食べるか想像して,,
シーン,①セリフを考える（ライティング）,
1,通販は冷凍便の段ボールを買ってるんじゃなくて夕ご飯での時間を買ってるんです,
2,届いた料理を前に家族が笑ってるところまで想像してます？,
3,商品も写真もサイトにも力入れてるのに…って悩んでる人,
4,"誰が、いつ、どこで、なんで食べるのか
っていう買う理由の説明がないんです",
5,売上伸ばすために通販もやってみよって安直な気持ちで始めて思い知らされてますよね？,
6,"料理のプロのあなただからこそわかると思うけど「何を食べるか」より
「どんな時間にしたいか」で料理って選ばれるじゃないですか？",
7,料理人だからこそ味に自信があるのは当然ですよね,
8,でもそれを食べて「どうなってほしいか」が伝わってないだけなんです,
9,"目的のない料理は売れんくて
ちゃんとお客様が食べる場面を想像してそこに料理を添えてあげるだけなんです",
10,ECが伸びてるお店は、「この日に、この料理で、こうなれる」を描いてて,
11,「誕生日にぴったり」「父の日に贈りたい」の一言で、商品はギフトに変わるんです,
12,「誕生日が最高の夜になった」って物語があなたのECサイトのブランドになるんです,
13,もっとお客様が「誰と」「どんな顔で」食べるのか想像してECに記載する内容に拘りましょう,
14,商品名・説明・写真に「利用シーン」を必ず入れるだけで反応が変わります,
15,その上で食べる時間と気持ちに合わせて量感、温め方を丁寧に説明書いて面倒事を排除するんです,
16,「これ、家族と食べたいな」ってそう思わせたらもう勝ちです,
17,"ECは料理の物語を届ける技術です
誰かの時間に届いて初めて価値になるものなんですよ",
,,
ネタメモ：歩留計算の仕方,,
,①セリフを考える（ライティング）,
1,歩留原価計算してへん店100％潰れます,
2,仕入れ値だけ見て「安い」って喜んでへん？,
3,でもそれ可食部が6割なら実は高級食材と変わらんで,
4,kgいくらだけで見とる時点でもう経営者失格です,
5,原価30％以下のつもりが実は40％超えてて利益0,
6,"仕込みながら「これ、結構捨ててんな…」って思ったこと一度はありますよね？
でも忙しくて結局そのままにしてないですか？",
7,現場は忙しいしそんな余裕ないのは重々承知です,
8,でもそれで毎月5万、10万って利益捨ててるんですよ,
9,そこ改善せん限りどんだけ集客しても無駄ですよ,
10,例えばブロック肉1kg仕入れても筋と脂を取ったら800gしか残らへん,
11,"この時買った金額は2,000円でも使える量が違えば原価が変わるの分かります？",
12,"要は2,000円 ÷ 800g＝1gあたり2.5円→ 100g盛りで250円原価になります　",
13,仕入れ金額 ÷ 可食部＝ほんまの原価です,
14,"仕込み終わりに何グラム使えるかをメモしてください
それが歩留りです",
15,食材ごとに「平均歩留率」出しておくだけで原価計算の精度が爆上がりします,
16,売上上がってるのになんか手元残らんねんって人は必ずやってみてください,
17,今日の仕込みから「使える量」をメモする習慣から始めましょう,
,,
ネタメモ：ロードサイド型店舗の生き残り戦略,,
シーン,①セリフを考える（ライティング）,
1,郊外店舗は機会来店いらないです,
2,駐車場あって、看板出して、でも売上が伸びひん,
3,昼は暇やし夜は常連だけってお店は仕組みがない証拠です,
4,立地が悪いからは言い訳で選んだのはあなたですよね？,
5,"目的なく入ってくるお客様なんておらん時代なんですよ
これに気付かんまま潰れて行くお店たくさん見てきました",
6,"定休日明けのランチで「今日お客様来てくれるかな」って
開店準備しながら不安になったことありますよね",
7,郊外は都心と違って何しても反応鈍いの辛いですよね,
8,でも実は「選ばれる理由」がちゃんとあればお客様は30分かけても来るのが現実です,
9,お客様が口揃えてお店に来る理由が言えてないお店はもう負けてます,
10,"成功してるロードサイド店舗には共通点があって
「ただの通りすがり」じゃなくて「生活に組み込まれてる」状態なんです",
11,"あれやこれや手を打って集めようとするお店と
子供が「外食がいい」って言って来た時に連れて行くお店
どっちが強いと思います？",
12,集客とは待つ作業ではなくピンポイントで行く理由を作る仕組みです,
13,"ロードサイドの勝ち方は
目的来店✖️習慣化",
14,"まず誰の生活導線に入るか決めてください
家族連れ？それとも夕方の買い物帰り？
そこから全部設計するんです",
15,"メニュー・投稿・動線・時間帯
ぜんぶその人の生活に合わせて整えるんです",
16,「毎週土曜の夕方に来る〇〇さん」ができたら成功の第一歩です,
17,立地に頼るんじゃなくて習慣に入り込む仕組みを今日から設計してみてください,
,,
ネタメモ：SNS投稿ばかり頑張っている人、まずは自分のお店のリピーター比率を理解しましょう（マーケティングファネル）,,
シーン,①セリフを考える（ライティング）,
1,SNSばっか頑張ってると店潰れんで,
2,毎日投稿してんのに売上が安定せえへん,
3,リールも頑張ってるのに全然再生数取れへんわ,
4,それバズることにこだわりすぎてへん？,
5,これは再生数だけ追いかけてリピーター対策スカスカになっていくよくある末路です,
6,ちなみにあなたのお店のリピーター比率答えられますか？,
7,とはいえ誰だって最初は集めることばっか意識してまうのも分かります,
8,でもほんまはまた来てくれる安心感欲しいですよね？,
9,「またマーケティングの話、よう分からんねん」て人は今日めちゃくちゃ分かりやすく説明します,
10,マーケティングって「知らんかった→店を知った→店に来てみた→なんとなくまた来た」の階段なんです,
11,"飲食店経営の初歩的な考えですが
「フォロワー増えてもリピーター0人の店」と「常連が回してる店」
どっちが潰れにくいか明らかでしょ",
12,"水道の蛇口開けてもバケツに穴空いてたら水は溜まらんのと同じで
リピーターおらんのにSNSやってる場合じゃないんです",
13,まず見るべきはどれだけの人が2回目来てくれてるか,
14,"1回きりの来店で来やんくなるよりまた来たわって人が欲しいんです
その人が1人より10人おる方がいいお店なんです",
15,まずは直近30日間で「初来店」と「再来店」を分けて数えてみたら現状がすぐ見えます,
16,"また来てくれたって瞬間、心が温かくなりますよね？
その積み重ねが本来の飲食店経営です",
17,"拡散の前に定着
SNSの前に信頼
マーケティングはまず現場からです",